title,firstname,lastname,login,password,expireDate,role
M.,Louis,Bertrand,kbertrand,9876543210,2020-11-27T15:18:21.,TRADER
M.,Claude,Morel,pmorel,a987654321,2002-01-14T12:07:08.,TRADER
Mme,Chantal,Moreau,nmoreau,ba98765432,2011-02-01T16:12:25.,TRADER
Mme,Elisabeth,Vincent,xvincent,cba9876543,2013-03-03T11:14:17.,ENGINEER
Mme,Josette,Bernard,abernard,dcba987654,2009-08-14T09:10:23.,SALES
Mme,Natalie,Lefèvre,slefèvre,edcba98765,2006-08-25T16:43:30.,TRADER
Mme,Marie,Martin,jmartin,fedcba9876,2015-12-17T12:05:45.,TRADER
Mme,Dominique,David,mdavid,gfedcba987,2020-05-25T10:31:26.,TRADER
M.,Eric,Martin,bmartin,hgfedcba98,2002-02-06T14:44:49.,SALES
Mme,Margeuerite,Dubois,edubois,ihgfedcba9,2001-07-21T13:54:25.,ENGINEER
Mme,Isabelle,Robert,probert,jihgfedcba,2010-05-06T13:51:30.,TRADER
Mme,Josette,Roux,jroux,kjihgfedcb,2011-04-26T13:31:47.,ENGINEER
Mme,Patricia,Bertrand,mbertrand,lkjihgfedc,2015-08-29T11:00:47.,ENGINEER
M.,Thomas,Martin,bmartin,mlkjihgfed,2017-12-17T10:21:33.,TRADER
M.,Philippe,Robert,arobert,nmlkjihgfe,2012-12-13T16:15:58.,SALES
Mme,Marie,David,ddavid,onmlkjihgf,2004-06-06T09:44:40.,SALES
Mme,Andree,Thomas,cthomas,ponmlkjihg,2002-01-08T12:26:52.,ENGINEER
M.,Christian,André,qandré,qponmlkjih,2014-01-25T14:55:23.,TRADER
M.,Paul,Moreau,vmoreau,rqponmlkji,2019-03-02T16:47:13.,SALES
Mme,Elisabeth,Morel,smorel,srqponmlkj,2000-06-01T10:23:18.,SALES
Mme,Christelle,Morel,lmorel,tsrqponmlk,2005-07-29T16:27:45.,ENGINEER
M.,Serge,Vincent,fvincent,utsrqponml,2000-08-23T12:56:40.,SALES
M.,Claude,Fournier,vfournier,vutsrqponm,2004-02-25T10:21:01.,TRADER
Mme,Brigitte,Michel,dmichel,wvutsrqpon,2006-03-28T14:38:52.,TRADER
Mme,Andree,Dubois,xdubois,xwvutsrqpo,2004-01-16T13:56:48.,TRADER
M.,Michel,Moreau,smoreau,yxwvutsrqp,2011-10-11T11:45:36.,TRADER
M.,Patrick,Leroy,yleroy,zyxwvutsrq,2007-11-16T14:19:57.,SALES
M.,Christian,Roux,hroux,_zyxwvutsr,2005-01-01T11:03:29.,TRADER
M.,Jerome,Robert,zrobert,a_zyxwvuts,2011-04-01T14:49:27.,ENGINEER
Mme,Corinne,Durand,udurand,ba_zyxwvut,2007-08-04T11:21:05.,SALES
Mme,Caroline,Petit,kpetit,cba_zyxwvu,2007-05-13T13:07:35.,TRADER
M.,Philippe,Roux,croux,dcba_zyxwv,2001-10-25T14:10:01.,ENGINEER
M.,Stephane,David,cdavid,edcba_zyxw,2017-06-30T10:25:37.,ENGINEER
M.,Guy,Dubois,sdubois,fedcba_zyx,2007-06-07T08:53:17.,TRADER
Mme,Marie,Girard,cgirard,gfedcba_zy,2014-05-24T09:33:07.,ENGINEER
Mme,Patricia,Richard,frichard,hgfedcba_z,2019-12-24T11:13:12.,SALES
Mme,Brigitte,Garcia,fgarcia,ihgfedcba_,2018-09-14T16:08:12.,SALES
Mme,Andree,Garcia,xgarcia,jihgfedcba,2015-02-02T13:49:04.,ENGINEER
M.,Vincent,André,oandré,kjihgfedcb,2009-11-21T10:23:30.,TRADER
M.,Philippe,Thomas,uthomas,lkjihgfedc,2002-03-11T14:15:33.,TRADER
M.,Gerard,Martin,qmartin,mlkjihgfed,2016-11-14T15:46:19.,SALES
Mme,Renee,Lefèvre,alefèvre,nmlkjihgfe,2002-09-07T15:26:43.,TRADER
M.,David,Martin,rmartin,onmlkjihgf,2005-12-21T12:23:11.,TRADER
M.,Andre,Michel,tmichel,ponmlkjihg,2010-08-16T10:06:10.,SALES
M.,Jean,Simon,gsimon,qponmlkjih,2018-06-14T15:39:28.,SALES
Mme,Josette,Vincent,fvincent,rqponmlkji,2012-05-05T15:27:47.,SALES
Mme,Bernadette,Roux,croux,srqponmlkj,2016-05-12T10:30:30.,ENGINEER
M.,Andre,Thomas,zthomas,tsrqponmlk,2019-02-02T12:47:41.,SALES
M.,Stephane,Moreau,wmoreau,utsrqponml,2008-06-04T14:25:03.,TRADER
M.,Vincent,André,eandré,vutsrqponm,2013-07-09T08:08:48.,SALES
Mme,Celine,Fournier,pfournier,wvutsrqpon,2010-07-13T13:56:39.,ENGINEER
Mme,Margeuerite,Petit,qpetit,xwvutsrqpo,2009-04-11T09:33:51.,SALES
Mme,Elisabeth,Laurent,plaurent,yxwvutsrqp,2007-09-21T16:32:02.,SALES
M.,Joseph,Lefebvre,elefebvre,zyxwvutsrq,2014-02-03T14:57:02.,TRADER
Mme,Christiane,Garcia,ygarcia,0zyxwvutsr,2012-05-02T11:53:28.,TRADER
Mme,Celine,Vincent,qvincent,10zyxwvuts,2016-01-22T08:15:16.,TRADER
M.,Philippe,Girard,fgirard,210zyxwvut,2015-12-30T11:14:23.,TRADER
Mme,Bernadette,Martin,umartin,3210zyxwvu,2002-09-03T10:46:32.,TRADER
M.,Nicolas,Bernard,kbernard,43210zyxwv,2020-08-28T14:11:39.,SALES
M.,Rene,Petit,tpetit,543210zyxw,2019-01-13T12:14:48.,TRADER
Mme,Jacqueline,Roux,yroux,6543210zyx,2009-06-15T10:43:16.,SALES
Mme,Emilie,Bertrand,ubertrand,76543210zy,2019-08-18T14:13:41.,SALES
Mme,Helene,David,odavid,876543210z,2003-06-16T08:13:09.,TRADER
Mme,Annie,Durand,zdurand,9876543310,2014-08-10T10:58:34.,SALES
Mme,Claudine,Leroy,bleroy,a987654421,2009-04-30T14:36:14.,SALES
Mme,Madeleine,Bertrand,rbertrand,ba98765532,2000-07-24T13:57:32.,TRADER
Mme,Christiane,Durand,kdurand,cba9876643,2016-01-20T16:07:46.,ENGINEER
M.,Henri,Simon,jsimon,dcba987754,2010-07-11T13:49:25.,TRADER
Mme,Josette,Bernard,tbernard,edcba98865,2000-02-26T11:38:08.,ENGINEER
M.,Christophe,Dubois,tdubois,fedcba9976,2008-03-10T14:51:56.,SALES
M.,Daniel,André,kandré,gfedcbaa87,2005-06-17T15:13:09.,ENGINEER
M.,Philippe,Fournier,efournier,hgfedcbb98,2017-02-25T12:38:55.,SALES
Mme,Odette,Bernard,dbernard,ihgfedcca9,2005-10-02T13:19:38.,TRADER
M.,Thomas,Vincent,bvincent,jihgfeddba,2005-05-29T13:17:23.,TRADER
M.,Eric,Girard,hgirard,kjihgfeecb,2016-03-29T11:30:26.,TRADER
M.,Dominique,Durand,ydurand,lkjihgffdc,2016-05-16T10:51:39.,SALES
Mme,Nicole,Fournier,bfournier,mlkjihgged,2002-07-28T12:03:35.,TRADER
Mme,Anne,Leroy,vleroy,nmlkjihhfe,2019-10-23T08:59:02.,SALES
M.,Eric,Martin,fmartin,onmlkjiigf,2012-02-03T08:39:15.,ENGINEER
Mme,Florence,Richard,qrichard,ponmlkjjhg,2019-12-12T09:57:34.,ENGINEER
Mme,Andree,Moreau,gmoreau,qponmlkkih,2010-07-30T08:19:46.,TRADER
Mme,Danielle,Robert,yrobert,rqponmllji,2017-06-11T08:29:02.,SALES
Mme,Jacqueline,Martin,tmartin,srqponmmkj,2000-09-09T08:15:32.,ENGINEER
Mme,Claire,Martin,bmartin,tsrqponnlk,2017-04-23T15:36:29.,SALES
M.,Rene,Martin,imartin,utsrqpooml,2001-10-21T12:20:01.,SALES
M.,Rene,Laurent,hlaurent,vutsrqppnm,2018-07-11T12:22:13.,ENGINEER
M.,Joseph,David,edavid,wvutsrqqon,2016-03-01T15:08:42.,SALES
M.,Laurent,Martin,wmartin,xwvutsrrpo,2013-03-10T15:59:43.,TRADER
Mme,Corinne,David,xdavid,yxwvutssqp,2002-12-02T15:26:05.,SALES
Mme,Josette,Garcia,ngarcia,zyxwvuttrq,2011-09-15T10:12:55.,TRADER
Mme,Christine,Durand,wdurand,_zyxwvuusr,2015-05-06T15:44:54.,ENGINEER
M.,Alexandre,Moreau,amoreau,a_zyxwvvts,2008-03-31T13:31:31.,SALES
M.,Didier,Moreau,xmoreau,ba_zyxwwut,2009-06-17T12:53:17.,ENGINEER
Mme,Annie,Leroy,cleroy,cba_zyxxvu,2010-08-15T16:52:40.,SALES
M.,Jacques,Girard,mgirard,dcba_zyywv,2001-07-24T13:52:28.,SALES
M.,Gerard,Michel,nmichel,edcba_zzxw,2014-06-11T09:52:44.,TRADER
M.,Francois,Roux,uroux,fedcba__yx,2013-09-19T12:59:14.,SALES
M.,Henri,Leroy,zleroy,gfedcbaazy,2015-09-28T09:37:21.,SALES
M.,Marcel,Lefebvre,rlefebvre,hgfedcbb_z,2016-07-09T15:01:23.,ENGINEER
Mme,Christelle,Moreau,emoreau,ihgfedcca_,2006-11-26T11:23:57.,TRADER
Mme,Martine,Moreau,fmoreau,jihgfeddba,2007-07-13T08:46:14.,SALES
M.,Christophe,Martin,emartin,kjihgfeecb,2015-06-26T13:56:20.,ENGINEER
M.,George,Fournier,bfournier,lkjihgffdc,2017-05-06T09:09:58.,TRADER
M.,Franck,Roux,troux,mlkjihgged,2009-04-25T11:42:34.,SALES
M.,Alain,Girard,tgirard,nmlkjihhfe,2004-04-24T15:18:23.,SALES
M.,George,Simon,nsimon,onmlkjiigf,2006-04-30T14:46:34.,TRADER
M.,Guillaume,Bertrand,jbertrand,ponmlkjjhg,2000-01-02T16:03:34.,ENGINEER
Mme,Renee,Lefebvre,blefebvre,qponmlkkih,2012-10-21T15:38:08.,TRADER
Mme,Paulette,Martin,fmartin,rqponmllji,2017-08-20T16:50:21.,TRADER
Mme,Denise,Martin,imartin,srqponmmkj,2004-01-15T14:38:31.,TRADER
Mme,Paulette,Roux,groux,tsrqponnlk,2012-05-23T11:43:39.,SALES
M.,Maurice,Garcia,sgarcia,utsrqpooml,2000-09-09T13:17:41.,TRADER
Mme,Colette,Durand,adurand,vutsrqppnm,2003-12-29T12:02:07.,TRADER
M.,Frederic,Moreau,smoreau,wvutsrqqon,2009-05-26T14:18:29.,TRADER
Mme,Emilie,Roux,droux,xwvutsrrpo,2000-12-12T16:15:53.,ENGINEER
M.,Joseph,Bertrand,bbertrand,yxwvutssqp,2000-04-19T15:25:22.,SALES
M.,Nicolas,Martin,amartin,zyxwvuttrq,2012-10-22T08:52:48.,ENGINEER
M.,Joseph,Bernard,sbernard,0zyxwvuusr,2003-06-04T13:07:39.,ENGINEER
M.,Jean-Pierre,Thomas,othomas,10zyxwvvts,2014-04-14T15:38:55.,TRADER
M.,Jean,Simon,isimon,210zyxwwut,2018-11-21T16:41:45.,SALES
M.,Marcel,Lefèvre,slefèvre,3210zyxxvu,2005-10-24T12:25:19.,TRADER
Mme,Marie,Durand,zdurand,43210zyywv,2007-09-18T15:55:55.,SALES
Mme,Florence,Thomas,rthomas,543210zzxw,2012-05-18T12:56:01.,TRADER
M.,Guillaume,Vincent,ovincent,65432100yx,2013-01-20T13:39:00.,TRADER
Mme,Josette,Simon,bsimon,76543211zy,2020-12-19T08:41:40.,SALES
Mme,Madeleine,Mercier,fmercier,876543220z,2000-03-26T17:01:53.,ENGINEER
Mme,Annie,Bertrand,fbertrand,9876543410,2002-04-02T11:16:09.,TRADER
Mme,Marie,Roux,jroux,a987654521,2016-09-22T13:32:41.,ENGINEER
Mme,Brigitte,Richard,trichard,ba98765632,2019-12-03T10:39:07.,SALES
M.,Alexandre,Durand,rdurand,cba9876743,2017-07-28T16:27:26.,ENGINEER
M.,Patrick,Girard,agirard,dcba987854,2005-12-08T09:29:00.,TRADER
Mme,Patricia,Mercier,omercier,edcba98965,2001-12-29T09:42:19.,ENGINEER
M.,Frederic,Simon,nsimon,fedcba9a76,2004-10-21T12:28:22.,SALES
M.,Franck,Dubois,ldubois,gfedcbab87,2014-09-23T12:11:31.,TRADER
M.,Nicolas,Thomas,wthomas,hgfedcbc98,2011-05-04T09:08:32.,ENGINEER
M.,Guillaume,André,dandré,ihgfedcda9,2008-09-11T08:43:16.,ENGINEER
Mme,Celine,Martin,amartin,jihgfedeba,2006-01-29T14:22:56.,SALES
M.,Marcel,Bernard,dbernard,kjihgfefcb,2015-03-05T08:42:47.,SALES
M.,Henri,Lefèvre,dlefèvre,lkjihgfgdc,2015-07-10T16:24:15.,ENGINEER
M.,Francois,Michel,bmichel,mlkjihghed,2000-01-30T16:07:07.,TRADER
Mme,Natalie,Bertrand,dbertrand,nmlkjihife,2018-10-23T09:25:54.,TRADER
M.,Jacques,Martin,vmartin,onmlkjijgf,2005-12-08T08:05:36.,TRADER
Mme,Josette,Martin,tmartin,ponmlkjkhg,2013-12-19T12:59:45.,ENGINEER
M.,Bernard,Martin,omartin,qponmlklih,2014-08-09T08:47:35.,ENGINEER
M.,George,Roux,kroux,rqponmlmji,2011-09-26T13:52:08.,TRADER
Mme,Denise,Thomas,othomas,srqponmnkj,2012-04-28T14:55:46.,ENGINEER
M.,Sebastien,Dubois,wdubois,tsrqponolk,2019-07-14T12:03:19.,SALES
M.,Stephane,Fournier,rfournier,utsrqpopml,2013-10-12T13:43:23.,SALES
Mme,Patricia,Laurent,qlaurent,vutsrqpqnm,2017-05-04T16:07:07.,SALES
Mme,Patricia,Lefèvre,zlefèvre,wvutsrqron,2017-09-25T08:30:00.,ENGINEER
Mme,Catherine,Durand,wdurand,xwvutsrspo,2005-08-30T16:23:58.,ENGINEER
M.,Guy,Martin,jmartin,yxwvutstqp,2001-08-09T11:33:18.,ENGINEER
Mme,Josette,Martin,wmartin,zyxwvuturq,2000-06-22T13:13:07.,TRADER
Mme,Dominique,Robert,urobert,_zyxwvuvsr,2005-02-24T16:31:25.,SALES
Mme,Claudine,Dubois,kdubois,a_zyxwvwts,2015-09-09T11:46:44.,TRADER
Mme,Christiane,Fournier,pfournier,ba_zyxwxut,2007-01-16T11:31:18.,SALES
Mme,Michele,Martin,imartin,cba_zyxyvu,2002-07-02T13:36:54.,ENGINEER
M.,Eric,André,wandré,dcba_zyzwv,2010-06-19T09:26:22.,SALES
Mme,Marcelle,Bertrand,abertrand,edcba_z_xw,2008-03-25T09:11:13.,ENGINEER
Mme,Francoise,David,jdavid,fedcba_ayx,2001-02-19T14:55:17.,ENGINEER
M.,Thierry,Fournier,ofournier,gfedcbabzy,2011-07-04T15:37:33.,ENGINEER
M.,Jean-Pierre,Laurent,plaurent,hgfedcbc_z,2012-10-29T12:39:07.,TRADER
Mme,Christelle,Garcia,agarcia,ihgfedcda_,2014-02-09T11:20:05.,SALES
Mme,Danielle,Dubois,wdubois,jihgfedeba,2020-04-20T15:19:35.,ENGINEER
M.,Julien,Thomas,kthomas,kjihgfefcb,2004-10-21T14:16:10.,SALES
Mme,Corinne,Martin,cmartin,lkjihgfgdc,2002-01-31T08:20:50.,TRADER
Mme,Caroline,Bernard,wbernard,mlkjihghed,2008-01-04T09:20:26.,SALES
M.,Robert,Garcia,pgarcia,nmlkjihife,2001-05-11T09:11:53.,TRADER
M.,Joseph,Mercier,jmercier,onmlkjijgf,2019-11-02T13:10:59.,ENGINEER
M.,Jean,Thomas,vthomas,ponmlkjkhg,2011-12-01T15:23:03.,TRADER
Mme,Corinne,Martin,omartin,qponmlklih,2012-01-15T15:24:08.,TRADER
Mme,Chantal,Michel,fmichel,rqponmlmji,2008-08-26T10:41:39.,TRADER
M.,Michel,Morel,amorel,srqponmnkj,2003-05-14T14:05:53.,ENGINEER
Mme,Catherine,Vincent,lvincent,tsrqponolk,2017-12-01T09:52:35.,TRADER
M.,Laurent,Garcia,ugarcia,utsrqpopml,2020-12-04T15:56:36.,TRADER
M.,Frederic,Simon,lsimon,vutsrqpqnm,2014-11-23T16:01:30.,ENGINEER
M.,Serge,Richard,prichard,wvutsrqron,2008-05-04T12:31:27.,TRADER
M.,Sebastien,Lefebvre,dlefebvre,xwvutsrspo,2018-09-28T15:58:47.,TRADER
Mme,Natalie,Martin,jmartin,yxwvutstqp,2012-01-03T13:04:36.,ENGINEER
Mme,Josette,Richard,hrichard,zyxwvuturq,2011-03-24T10:47:10.,TRADER
M.,Guy,Girard,wgirard,0zyxwvuvsr,2005-06-28T12:28:20.,ENGINEER
Mme,Florence,Thomas,fthomas,10zyxwvwts,2014-12-22T12:48:47.,SALES
Mme,Laurence,Mercier,imercier,210zyxwxut,2015-11-14T16:01:13.,TRADER
M.,Daniel,Martin,emartin,3210zyxyvu,2016-02-18T10:15:31.,TRADER
Mme,Francoise,Petit,epetit,43210zyzwv,2007-09-16T12:07:06.,TRADER
M.,Alexandre,Martin,rmartin,543210z0xw,2012-11-02T13:11:43.,TRADER
Mme,Elodie,Bernard,abernard,65432101yx,2004-07-18T11:02:13.,SALES
M.,Thomas,Durand,vdurand,76543212zy,2020-03-29T13:34:58.,TRADER
M.,Frederic,Robert,brobert,876543230z,2002-01-10T08:46:52.,ENGINEER
M.,Vincent,Bernard,hbernard,9876543510,2000-11-06T11:14:24.,SALES
M.,Claude,Martin,ymartin,a987654621,2004-07-26T14:52:13.,TRADER
M.,Christophe,Mercier,smercier,ba98765732,2002-07-26T12:11:28.,ENGINEER
M.,Henri,Thomas,tthomas,cba9876843,2010-05-20T11:24:31.,ENGINEER
Mme,Danielle,Fournier,pfournier,dcba987954,2000-10-13T09:08:56.,SALES
Mme,Danielle,Martin,lmartin,edcba98a65,2007-04-22T14:21:14.,TRADER
M.,Robert,Dubois,idubois,fedcba9b76,2006-01-16T14:22:54.,ENGINEER
Mme,Genevieve,Dubois,wdubois,gfedcbac87,2003-12-16T09:42:01.,TRADER
Mme,Christelle,Laurent,wlaurent,hgfedcbd98,2018-12-19T16:57:29.,ENGINEER
Mme,Margeuerite,Thomas,ethomas,ihgfedcea9,2003-05-06T08:35:21.,TRADER
Mme,Bernadette,Mercier,rmercier,jihgfedfba,2011-11-19T08:36:53.,ENGINEER
Mme,Genevieve,Roux,croux,kjihgfegcb,2013-08-29T10:11:54.,SALES
Mme,Natalie,Simon,wsimon,lkjihgfhdc,2016-08-08T12:33:37.,TRADER
Mme,Anne,Simon,wsimon,mlkjihgied,2011-01-22T15:46:51.,ENGINEER
Mme,Natalie,Garcia,egarcia,nmlkjihjfe,2003-09-23T15:59:04.,TRADER
Mme,Julie,Michel,dmichel,onmlkjikgf,2018-03-08T13:41:40.,SALES
Mme,Madeleine,Martin,jmartin,ponmlkjlhg,2010-03-16T16:12:40.,TRADER
Mme,Danielle,André,iandré,qponmlkmih,2013-07-01T12:21:32.,SALES
M.,Frederic,Dubois,odubois,rqponmlnji,2018-12-22T10:32:20.,SALES
M.,Andre,Vincent,lvincent,srqponmokj,2019-03-16T12:50:36.,SALES
Mme,Marcelle,Lefebvre,blefebvre,tsrqponplk,2010-03-03T16:59:02.,TRADER
M.,Jerome,Michel,rmichel,utsrqpoqml,2002-05-30T15:42:38.,SALES
M.,Franck,Vincent,tvincent,vutsrqprnm,2014-11-15T16:17:49.,ENGINEER
M.,Michel,Martin,gmartin,wvutsrqson,2003-09-08T12:48:14.,ENGINEER
Mme,Annie,Martin,gmartin,xwvutsrtpo,2003-02-16T11:00:39.,ENGINEER
M.,Dominique,Vincent,nvincent,yxwvutsuqp,2011-07-29T09:25:51.,ENGINEER
Mme,Cecile,Martin,xmartin,zyxwvutvrq,2020-06-02T15:28:36.,ENGINEER
M.,Gerard,Martin,cmartin,_zyxwvuwsr,2016-02-27T12:22:07.,ENGINEER
Mme,Audrey,Martin,qmartin,a_zyxwvxts,2007-08-16T14:25:24.,SALES
M.,Maurice,Michel,cmichel,ba_zyxwyut,2015-11-30T13:31:31.,TRADER
Mme,Caroline,Thomas,hthomas,cba_zyxzvu,2020-11-30T09:53:12.,ENGINEER
M.,Eric,Richard,crichard,dcba_zy_wv,2014-08-26T16:59:30.,TRADER
M.,Louis,Simon,fsimon,edcba_zaxw,2014-11-29T13:26:15.,ENGINEER
M.,Jean,David,jdavid,fedcba_byx,2001-01-19T11:13:59.,SALES
M.,Frederic,Leroy,zleroy,gfedcbaczy,2001-04-15T11:50:20.,TRADER
M.,Bruno,André,pandré,hgfedcbd_z,2008-11-27T10:14:05.,TRADER
M.,Alain,Bertrand,zbertrand,ihgfedcea_,2018-03-26T11:05:53.,ENGINEER
M.,Jacques,Bertrand,wbertrand,jihgfedfba,2020-06-10T10:27:35.,ENGINEER
M.,Thierry,Martin,wmartin,kjihgfegcb,2019-10-02T08:13:50.,ENGINEER
Mme,Denise,Robert,trobert,lkjihgfhdc,2016-02-22T11:00:14.,TRADER
Mme,Chantal,Martin,pmartin,mlkjihgied,2017-11-05T09:09:01.,SALES
M.,Alexandre,Bertrand,cbertrand,nmlkjihjfe,2004-09-12T09:56:22.,ENGINEER
M.,Jacques,Richard,nrichard,onmlkjikgf,2007-08-27T08:50:18.,ENGINEER
Mme,Christine,Leroy,cleroy,ponmlkjlhg,2015-01-01T13:53:33.,SALES
M.,Andre,Michel,xmichel,qponmlkmih,2006-01-22T13:01:39.,TRADER
Mme,Colette,Dubois,bdubois,rqponmlnji,2017-01-01T11:49:11.,SALES
M.,Didier,Fournier,yfournier,srqponmokj,2007-01-17T13:56:54.,ENGINEER
M.,Vincent,André,nandré,tsrqponplk,2003-11-28T16:58:16.,SALES
M.,Sebastien,Martin,imartin,utsrqpoqml,2008-10-05T12:35:10.,TRADER
Mme,Caroline,Martin,umartin,vutsrqprnm,2013-07-31T10:46:41.,TRADER
M.,Bruno,Laurent,plaurent,wvutsrqson,2005-09-09T10:23:23.,TRADER
M.,Marc,David,pdavid,xwvutsrtpo,2013-06-28T11:09:06.,TRADER
Mme,Laurence,Michel,tmichel,yxwvutsuqp,2000-03-26T16:40:03.,SALES
M.,Sebastien,Vincent,evincent,zyxwvutvrq,2004-11-14T09:59:47.,TRADER
Mme,Isabelle,Martin,zmartin,0zyxwvuwsr,2017-07-14T12:12:02.,TRADER
M.,Laurent,Bernard,fbernard,10zyxwvxts,2005-01-04T10:00:46.,TRADER
Mme,Aurelie,Bernard,pbernard,210zyxwyut,2011-07-18T08:21:59.,ENGINEER
M.,Eric,Thomas,zthomas,3210zyxzvu,2019-07-14T09:46:54.,TRADER
M.,Dominique,Richard,jrichard,43210zy0wv,2020-08-27T08:38:21.,TRADER
Mme,Cecile,Petit,vpetit,543210z1xw,2011-02-12T15:31:48.,ENGINEER
M.,Marcel,Laurent,dlaurent,65432102yx,2009-11-21T09:37:30.,SALES
Mme,Christine,Michel,fmichel,76543213zy,2016-09-20T09:51:16.,ENGINEER
Mme,Michele,Lefebvre,elefebvre,876543240z,2012-09-07T08:56:24.,TRADER
Mme,Margeuerite,Moreau,omoreau,9876543610,2013-11-21T11:18:29.,SALES
M.,Marc,Morel,omorel,a987654721,2005-02-18T12:33:21.,ENGINEER
Mme,Nicole,Leroy,aleroy,ba98765832,2010-10-17T09:30:09.,ENGINEER
Mme,Christelle,Laurent,claurent,cba9876943,2014-01-22T16:38:05.,ENGINEER
Mme,Claire,Robert,vrobert,dcba987a54,2007-11-19T08:03:50.,SALES
Mme,Genevieve,Moreau,cmoreau,edcba98b65,2014-07-18T15:52:16.,TRADER
M.,Christophe,Martin,mmartin,fedcba9c76,2015-01-08T14:27:05.,ENGINEER
M.,Pierre,Bernard,ibernard,gfedcbad87,2004-07-07T12:54:44.,TRADER
M.,Jerome,Laurent,wlaurent,hgfedcbe98,2007-06-21T11:17:55.,ENGINEER
Mme,Chantal,Robert,vrobert,ihgfedcfa9,2013-07-19T13:21:04.,TRADER
M.,Sebastien,Fournier,pfournier,jihgfedgba,2008-01-18T16:20:40.,SALES
Mme,Patricia,Martin,bmartin,kjihgfehcb,2015-11-09T13:36:08.,ENGINEER
M.,Didier,Laurent,jlaurent,lkjihgfidc,2002-03-19T13:20:48.,SALES
M.,Guillaume,Martin,imartin,mlkjihgjed,2019-01-12T08:19:18.,TRADER
Mme,Caroline,Moreau,fmoreau,nmlkjihkfe,2003-04-23T15:36:59.,SALES
Mme,Denise,Martin,xmartin,onmlkjilgf,2003-02-24T16:19:53.,SALES
Mme,Brigitte,Dubois,udubois,ponmlkjmhg,2000-10-19T14:40:42.,ENGINEER
M.,Bruno,Michel,ymichel,qponmlknih,2014-05-26T16:40:21.,ENGINEER
M.,Jean-Pierre,Lefebvre,plefebvre,rqponmloji,2012-05-30T16:10:48.,TRADER
Mme,Martine,Michel,dmichel,srqponmpkj,2014-03-30T16:40:40.,SALES
M.,Robert,Roux,jroux,tsrqponqlk,2002-09-06T12:48:19.,ENGINEER
Mme,Aurelie,Bertrand,ubertrand,utsrqporml,2006-11-24T15:10:12.,TRADER
Mme,Elisabeth,Simon,nsimon,vutsrqpsnm,2000-07-05T15:20:45.,SALES
M.,Laurent,Fournier,afournier,wvutsrqton,2015-04-20T10:56:10.,TRADER
M.,Jacques,Laurent,plaurent,xwvutsrupo,2009-12-21T10:17:51.,ENGINEER
Mme,Marcelle,Martin,emartin,yxwvutsvqp,2005-11-06T08:44:48.,SALES
M.,Bruno,Vincent,bvincent,zyxwvutwrq,2005-01-19T10:38:34.,TRADER
M.,Thierry,André,iandré,_zyxwvuxsr,2002-03-01T13:01:23.,TRADER
M.,Roger,Lefebvre,dlefebvre,a_zyxwvyts,2012-07-20T11:45:18.,SALES
Mme,Claire,Fournier,nfournier,ba_zyxwzut,2014-02-06T12:04:19.,TRADER
M.,David,Lefebvre,llefebvre,cba_zyx_vu,2002-11-23T14:23:52.,TRADER
M.,Joseph,Roux,wroux,dcba_zyawv,2020-01-13T09:17:27.,SALES
Mme,Patricia,Petit,xpetit,edcba_zbxw,2003-01-26T14:50:45.,TRADER
M.,Maurice,Martin,xmartin,fedcba_cyx,2010-09-10T10:00:18.,SALES
M.,Jacques,Martin,umartin,gfedcbadzy,2008-07-23T09:34:58.,ENGINEER
M.,Stephane,Girard,lgirard,hgfedcbe_z,2006-10-02T10:44:21.,SALES
Mme,Helene,Dubois,ndubois,ihgfedcfa_,2001-02-01T11:46:52.,TRADER
M.,Bruno,Morel,qmorel,jihgfedgba,2006-07-15T09:43:01.,SALES
M.,Dominique,Garcia,wgarcia,kjihgfehcb,2018-01-02T14:17:00.,TRADER
M.,David,Morel,amorel,lkjihgfidc,2018-03-27T16:43:36.,SALES
Mme,Madeleine,Durand,ndurand,mlkjihgjed,2012-03-04T10:06:46.,ENGINEER
Mme,Renee,Dubois,zdubois,nmlkjihkfe,2014-10-25T08:55:41.,TRADER
M.,Serge,David,qdavid,onmlkjilgf,2007-09-25T08:28:14.,ENGINEER
M.,Jerome,Roux,sroux,ponmlkjmhg,2008-11-07T14:06:27.,TRADER
M.,Sebastien,Garcia,wgarcia,qponmlknih,2020-05-11T13:32:36.,SALES
M.,Guy,Roux,broux,rqponmloji,2014-08-12T16:38:18.,SALES
Mme,Danielle,Michel,gmichel,srqponmpkj,2019-06-19T16:46:53.,ENGINEER
Mme,Christiane,Petit,ppetit,tsrqponqlk,2014-06-05T16:22:25.,SALES
Mme,Celine,Vincent,mvincent,utsrqporml,2013-06-27T11:06:48.,SALES
M.,Jean,Robert,vrobert,vutsrqpsnm,2013-11-29T15:47:09.,SALES
Mme,Martine,Garcia,egarcia,wvutsrqton,2005-02-09T14:53:33.,TRADER
M.,Marc,Richard,lrichard,xwvutsrupo,2012-03-20T08:15:43.,ENGINEER
M.,Bruno,Moreau,hmoreau,yxwvutsvqp,2012-04-23T11:37:58.,ENGINEER
Mme,Laurence,Fournier,kfournier,zyxwvutwrq,2017-12-03T10:46:21.,TRADER
Mme,Elisabeth,Lefèvre,rlefèvre,0zyxwvuxsr,2001-06-16T14:38:42.,ENGINEER
Mme,Nicole,Mercier,qmercier,10zyxwvyts,2017-05-15T16:17:23.,TRADER
Mme,Claudine,Roux,uroux,210zyxwzut,2005-04-01T10:09:09.,ENGINEER
M.,Vincent,Moreau,gmoreau,3210zyx0vu,2017-03-09T15:20:36.,TRADER
M.,Jacques,Roux,eroux,43210zy1wv,2003-09-05T08:29:31.,ENGINEER
Mme,Brigitte,Lefebvre,vlefebvre,543210z2xw,2002-06-11T12:29:58.,SALES
M.,Yves,David,adavid,65432103yx,2016-07-29T08:08:11.,SALES
Mme,Claudine,André,wandré,76543214zy,2017-08-18T13:10:41.,TRADER
Mme,Francoise,Bertrand,mbertrand,876543250z,2016-06-16T09:24:08.,TRADER
Mme,Renee,Girard,ngirard,9876543710,2006-04-25T11:10:43.,SALES
M.,Eric,Martin,nmartin,a987654821,2013-06-25T15:45:17.,TRADER
Mme,Nicole,Robert,nrobert,ba98765932,2010-01-08T13:59:04.,TRADER
M.,Gerard,Martin,mmartin,cba9876a43,2008-03-05T12:59:01.,ENGINEER
Mme,Julie,Petit,ypetit,dcba987b54,2011-04-08T15:00:34.,SALES
M.,Jacques,Vincent,yvincent,edcba98c65,2003-08-12T10:51:47.,TRADER
M.,Olivier,Richard,frichard,fedcba9d76,2010-12-22T09:35:35.,SALES
M.,Roger,Dubois,ydubois,gfedcbae87,2015-05-18T11:29:20.,ENGINEER
M.,Marc,Simon,lsimon,hgfedcbf98,2012-06-28T16:57:43.,ENGINEER
Mme,Claudine,Michel,kmichel,ihgfedcga9,2014-06-14T13:46:44.,SALES
M.,Sebastien,David,qdavid,jihgfedhba,2001-03-31T14:59:47.,TRADER
M.,David,Dubois,odubois,kjihgfeicb,2002-03-30T13:54:09.,SALES
M.,Andre,Fournier,yfournier,lkjihgfjdc,2007-02-22T12:02:16.,TRADER
M.,Marc,Garcia,wgarcia,mlkjihgked,2019-11-01T13:26:28.,TRADER
Mme,Cecile,Richard,wrichard,nmlkjihlfe,2010-08-23T09:48:44.,ENGINEER
Mme,Danielle,Garcia,pgarcia,onmlkjimgf,2016-04-06T16:52:40.,TRADER
Mme,Dominique,Moreau,zmoreau,ponmlkjnhg,2003-02-01T15:31:09.,TRADER
M.,Daniel,Lefebvre,elefebvre,qponmlkoih,2004-09-25T15:09:50.,TRADER
M.,David,Lefebvre,vlefebvre,rqponmlpji,2001-07-10T16:33:37.,SALES
Mme,Aurelie,Bernard,mbernard,srqponmqkj,2017-01-30T15:24:39.,ENGINEER
Mme,Jacqueline,David,ddavid,tsrqponrlk,2010-09-07T14:30:55.,ENGINEER
M.,Philippe,Leroy,gleroy,utsrqposml,2007-05-01T11:22:29.,TRADER
M.,Thierry,Richard,srichard,vutsrqptnm,2015-02-23T09:29:11.,SALES
Mme,Madeleine,Martin,qmartin,wvutsrquon,2009-06-15T09:11:31.,ENGINEER
M.,David,Thomas,cthomas,xwvutsrvpo,2017-10-21T12:21:39.,TRADER
M.,Sebastien,Bernard,xbernard,yxwvutswqp,2000-05-31T10:00:19.,SALES
Mme,Emilie,Bertrand,obertrand,zyxwvutxrq,2009-01-03T12:02:17.,SALES
Mme,Andree,Roux,lroux,_zyxwvuysr,2012-01-20T14:00:33.,ENGINEER
Mme,Martine,Dubois,vdubois,a_zyxwvzts,2017-11-02T14:05:00.,SALES
Mme,Isabelle,Girard,bgirard,ba_zyxw_ut,2003-03-07T16:53:28.,ENGINEER
Mme,Jeanne,Garcia,agarcia,cba_zyxavu,2004-01-04T13:53:05.,SALES
Mme,Odette,Leroy,pleroy,dcba_zybwv,2012-04-02T13:59:19.,SALES
M.,Louis,Garcia,jgarcia,edcba_zcxw,2016-01-08T08:13:23.,TRADER
Mme,Laurence,Robert,brobert,fedcba_dyx,2011-10-27T16:38:53.,ENGINEER
M.,Eric,Fournier,tfournier,gfedcbaezy,2010-09-09T08:37:55.,ENGINEER
M.,Paul,Martin,wmartin,hgfedcbf_z,2015-09-04T09:08:07.,SALES
M.,Joseph,Bernard,mbernard,ihgfedcga_,2007-04-13T15:07:08.,SALES
M.,Michel,Petit,dpetit,jihgfedhba,2015-06-22T11:01:42.,TRADER
M.,Bernard,Bernard,sbernard,kjihgfeicb,2018-02-04T13:23:58.,SALES
M.,Henri,Durand,mdurand,lkjihgfjdc,2020-10-08T14:49:35.,TRADER
Mme,Marcelle,Lefèvre,clefèvre,mlkjihgked,2000-04-24T11:30:53.,ENGINEER
Mme,Cecile,Mercier,amercier,nmlkjihlfe,2005-08-01T16:43:41.,SALES
Mme,Madeleine,Simon,wsimon,onmlkjimgf,2002-07-16T12:40:11.,TRADER
M.,Jerome,Mercier,ymercier,ponmlkjnhg,2015-08-25T09:43:51.,ENGINEER
M.,Claude,Martin,lmartin,qponmlkoih,2008-06-11T09:24:01.,TRADER
Mme,Christelle,Fournier,bfournier,rqponmlpji,2008-03-19T11:27:03.,TRADER
Mme,Genevieve,Simon,lsimon,srqponmqkj,2016-07-10T10:13:10.,ENGINEER
Mme,Genevieve,Dubois,idubois,tsrqponrlk,2010-01-23T10:32:39.,TRADER
Mme,Dominique,Martin,rmartin,utsrqposml,2010-08-09T12:39:25.,ENGINEER
Mme,Brigitte,Michel,lmichel,vutsrqptnm,2018-04-12T10:47:51.,ENGINEER
M.,Patrick,Thomas,jthomas,wvutsrquon,2003-02-21T14:59:14.,SALES
Mme,Renee,Richard,mrichard,xwvutsrvpo,2020-08-13T09:06:39.,TRADER
M.,Christian,Martin,omartin,yxwvutswqp,2001-03-01T15:49:34.,ENGINEER
M.,Nicolas,Moreau,zmoreau,zyxwvutxrq,2010-05-08T14:44:38.,SALES
M.,Philippe,Martin,jmartin,0zyxwvuysr,2008-01-12T14:30:16.,TRADER
M.,Claude,Durand,jdurand,10zyxwvzts,2016-05-20T12:45:49.,SALES
M.,Sebastien,Robert,zrobert,210zyxw0ut,2005-02-27T16:45:15.,SALES
M.,Bernard,Mercier,hmercier,3210zyx1vu,2018-08-24T16:33:14.,TRADER
M.,Christophe,Girard,qgirard,43210zy2wv,2008-04-03T09:23:56.,ENGINEER
M.,Laurent,Dubois,tdubois,543210z3xw,2006-05-06T15:30:40.,TRADER
M.,Franck,Richard,rrichard,65432104yx,2002-09-14T11:08:13.,ENGINEER
M.,Pascal,Simon,esimon,76543215zy,2018-02-01T11:44:33.,TRADER
Mme,Cecile,Garcia,egarcia,876543260z,2017-10-29T13:59:55.,SALES
M.,Eric,Dubois,hdubois,9876543810,2000-03-02T13:44:25.,SALES
M.,Henri,Mercier,imercier,a987654921,2009-12-26T08:52:42.,SALES
M.,Philippe,Martin,lmartin,ba98765a32,2001-10-31T10:22:42.,SALES
Mme,Julie,Bertrand,ibertrand,cba9876b43,2010-02-20T09:27:08.,ENGINEER
M.,Alain,Petit,npetit,dcba987c54,2010-07-06T14:53:28.,ENGINEER
Mme,Laetitia,Laurent,claurent,edcba98d65,2000-04-24T16:41:36.,ENGINEER
M.,Didier,Martin,rmartin,fedcba9e76,2011-11-08T10:25:00.,TRADER
M.,Bruno,Durand,sdurand,gfedcbaf87,2011-09-08T14:59:17.,ENGINEER
M.,Gerard,Martin,kmartin,hgfedcbg98,2018-09-04T16:32:48.,ENGINEER
Mme,Jacqueline,David,pdavid,ihgfedcha9,2006-06-24T11:31:52.,SALES
M.,Louis,Fournier,ufournier,jihgfediba,2013-10-21T08:03:28.,TRADER
M.,Serge,Fournier,mfournier,kjihgfejcb,2018-08-01T14:40:33.,TRADER
M.,Henri,Laurent,zlaurent,lkjihgfkdc,2004-03-02T13:02:08.,SALES
M.,Louis,Michel,fmichel,mlkjihgled,2006-09-24T16:46:31.,TRADER
Mme,Cecile,Petit,cpetit,nmlkjihmfe,2008-06-09T12:05:40.,TRADER
Mme,Cecile,Durand,bdurand,onmlkjingf,2011-12-03T14:37:18.,ENGINEER
Mme,Julie,Simon,zsimon,ponmlkjohg,2005-11-23T11:50:14.,SALES
M.,Serge,Mercier,kmercier,qponmlkpih,2003-01-13T15:33:42.,SALES
Mme,Jacqueline,Lefebvre,wlefebvre,rqponmlqji,2010-11-08T09:32:08.,TRADER
Mme,Madeleine,Laurent,plaurent,srqponmrkj,2012-12-09T15:00:51.,ENGINEER
Mme,Natalie,Laurent,jlaurent,tsrqponslk,2002-05-20T10:52:38.,SALES
M.,Bruno,Fournier,mfournier,utsrqpotml,2014-07-07T15:06:13.,TRADER
M.,Jean-Pierre,Fournier,bfournier,vutsrqpunm,2004-10-23T13:11:10.,ENGINEER
M.,Andre,Michel,smichel,wvutsrqvon,2014-09-27T08:12:07.,TRADER
Mme,Claudine,Michel,gmichel,xwvutsrwpo,2011-03-26T12:00:19.,SALES
M.,Serge,Martin,nmartin,yxwvutsxqp,2017-10-04T10:19:05.,SALES
Mme,Margeuerite,Thomas,ithomas,zyxwvutyrq,2015-09-07T10:08:03.,ENGINEER
M.,Jean,Morel,omorel,_zyxwvuzsr,2000-12-30T09:26:05.,SALES
M.,Marcel,Martin,imartin,a_zyxwv_ts,2014-11-01T16:07:30.,SALES
M.,Olivier,Mercier,fmercier,ba_zyxwaut,2005-11-21T12:23:15.,SALES
M.,Guy,Laurent,ilaurent,cba_zyxbvu,2014-04-05T12:19:17.,ENGINEER
M.,Stephane,Bertrand,ubertrand,dcba_zycwv,2019-11-15T14:15:34.,ENGINEER
M.,Roger,Leroy,zleroy,edcba_zdxw,2017-09-15T08:37:34.,ENGINEER
Mme,Francoise,Lefebvre,llefebvre,fedcba_eyx,2020-11-19T16:01:52.,TRADER
Mme,Francoise,Martin,lmartin,gfedcbafzy,2011-05-13T12:51:20.,TRADER
M.,Stephane,Martin,kmartin,hgfedcbg_z,2018-05-03T09:25:35.,SALES
M.,Serge,Martin,mmartin,ihgfedcha_,2001-11-22T11:55:53.,SALES
M.,Nicolas,Robert,probert,jihgfediba,2007-08-14T11:13:32.,TRADER
M.,Bernard,Thomas,qthomas,kjihgfejcb,2012-11-14T14:06:33.,SALES
Mme,Christine,Richard,orichard,lkjihgfkdc,2001-12-17T13:18:21.,ENGINEER
M.,Guy,Michel,umichel,mlkjihgled,2012-07-12T13:21:23.,SALES
Mme,Chantal,Garcia,bgarcia,nmlkjihmfe,2012-10-15T14:20:29.,ENGINEER
M.,Philippe,André,landré,onmlkjingf,2005-03-18T08:46:37.,TRADER
M.,George,Moreau,ymoreau,ponmlkjohg,2006-11-30T10:09:53.,ENGINEER
M.,Christophe,Lefebvre,ilefebvre,qponmlkpih,2005-01-15T10:56:16.,TRADER
Mme,Margeuerite,Morel,qmorel,rqponmlqji,2000-07-09T15:21:19.,SALES
Mme,Colette,Dubois,ddubois,srqponmrkj,2007-04-15T08:56:05.,ENGINEER
Mme,Dominique,Girard,qgirard,tsrqponslk,2017-10-24T15:28:29.,TRADER
M.,Louis,Martin,umartin,utsrqpotml,2015-01-13T09:56:24.,ENGINEER
Mme,Laetitia,Morel,cmorel,vutsrqpunm,2007-08-10T14:27:17.,TRADER
M.,Yves,Dubois,ndubois,wvutsrqvon,2009-07-30T13:37:15.,SALES
M.,Thomas,Laurent,wlaurent,xwvutsrwpo,2013-02-13T15:10:24.,ENGINEER
Mme,Claudine,Moreau,omoreau,yxwvutsxqp,2009-07-19T14:44:50.,ENGINEER
M.,Louis,Mercier,ymercier,zyxwvutyrq,2017-01-08T08:42:01.,SALES
M.,Marcel,Martin,cmartin,0zyxwvuzsr,2020-04-08T13:51:55.,ENGINEER
Mme,Marie,Bertrand,rbertrand,10zyxwv0ts,2014-05-22T13:50:50.,SALES
M.,Marc,Durand,ydurand,210zyxw1ut,2008-10-25T11:50:54.,ENGINEER
Mme,Renee,Vincent,dvincent,3210zyx2vu,2005-12-07T16:58:55.,TRADER
Mme,Andree,Robert,krobert,43210zy3wv,2017-07-20T16:44:24.,TRADER
M.,Julien,Simon,lsimon,543210z4xw,2012-05-26T11:21:20.,SALES
M.,George,Garcia,ygarcia,65432105yx,2019-04-17T13:49:21.,SALES
M.,Serge,Michel,kmichel,76543216zy,2003-01-10T16:18:02.,TRADER
Mme,Helene,Lefebvre,xlefebvre,876543270z,2012-01-23T12:45:25.,SALES
Mme,Corinne,André,wandré,9876543910,2003-02-10T14:04:21.,TRADER
Mme,Annie,Girard,wgirard,a987654a21,2016-08-10T14:26:09.,SALES
M.,Joseph,Moreau,bmoreau,ba98765b32,2005-06-16T11:01:09.,ENGINEER
M.,Daniel,Garcia,kgarcia,cba9876c43,2014-06-18T12:33:19.,TRADER
Mme,Jacqueline,Martin,tmartin,dcba987d54,2006-11-14T15:40:01.,SALES
Mme,Paulette,André,candré,edcba98e65,2001-01-30T11:58:15.,ENGINEER
M.,Jacques,Dubois,ddubois,fedcba9f76,2007-05-12T15:40:02.,ENGINEER
M.,Eric,Simon,msimon,gfedcbag87,2003-02-25T11:39:32.,SALES
Mme,Audrey,Leroy,aleroy,hgfedcbh98,2020-12-10T15:28:43.,TRADER
Mme,Julie,Durand,wdurand,ihgfedcia9,2017-06-03T09:53:56.,ENGINEER
Mme,Christiane,Fournier,bfournier,jihgfedjba,2020-01-01T09:21:31.,TRADER
Mme,Jeannine,Moreau,vmoreau,kjihgfekcb,2017-07-14T10:16:45.,ENGINEER
Mme,Josette,Fournier,ufournier,lkjihgfldc,2002-10-24T15:26:45.,TRADER
Mme,Margeuerite,Morel,vmorel,mlkjihgmed,2006-08-17T08:05:38.,ENGINEER
Mme,Jeanne,Moreau,wmoreau,nmlkjihnfe,2013-10-12T14:12:46.,TRADER
Mme,Catherine,Lefèvre,slefèvre,onmlkjiogf,2011-04-16T16:55:38.,SALES
Mme,Jeannine,Girard,tgirard,ponmlkjphg,2008-09-10T10:03:42.,TRADER
Mme,Christine,Bertrand,nbertrand,qponmlkqih,2007-09-01T09:04:04.,TRADER
Mme,Claudine,Thomas,wthomas,rqponmlrji,2013-01-24T16:19:34.,TRADER
M.,Eric,André,candré,srqponmskj,2008-12-25T09:29:16.,SALES
Mme,Isabelle,Lefebvre,hlefebvre,tsrqpontlk,2020-07-15T15:07:47.,SALES
M.,Louis,David,xdavid,utsrqpouml,2005-06-03T14:25:09.,ENGINEER
M.,George,Moreau,xmoreau,vutsrqpvnm,2011-08-19T14:55:32.,ENGINEER
M.,Franck,Roux,uroux,wvutsrqwon,2020-10-18T11:47:26.,SALES
Mme,Andree,Dubois,rdubois,xwvutsrxpo,2019-04-26T11:37:20.,TRADER
M.,Claude,David,fdavid,yxwvutsyqp,2001-06-12T15:02:47.,ENGINEER
M.,Bernard,Laurent,tlaurent,zyxwvutzrq,2014-06-09T15:11:08.,TRADER
Mme,Claudine,Moreau,gmoreau,_zyxwvu_sr,2007-02-21T11:38:02.,TRADER
M.,Christian,Robert,rrobert,a_zyxwvats,2011-05-29T12:38:23.,TRADER
M.,Andre,Vincent,gvincent,ba_zyxwbut,2014-01-15T13:42:26.,SALES
Mme,Michele,David,edavid,cba_zyxcvu,2011-04-10T08:26:48.,TRADER
M.,Thomas,Bernard,tbernard,dcba_zydwv,2019-08-04T16:24:36.,TRADER
Mme,Julie,Fournier,afournier,edcba_zexw,2007-11-23T15:47:40.,SALES
M.,Stephane,André,gandré,fedcba_fyx,2013-08-11T15:58:26.,SALES
Mme,Florence,Bernard,nbernard,gfedcbagzy,2013-03-28T15:30:02.,SALES
M.,Pierre,Dubois,fdubois,hgfedcbh_z,2009-10-17T12:28:12.,TRADER
Mme,Corinne,David,adavid,ihgfedcia_,2020-10-08T13:15:28.,TRADER
Mme,Claudine,Thomas,tthomas,jihgfedjba,2014-05-30T13:33:09.,SALES
Mme,Christelle,Moreau,cmoreau,kjihgfekcb,2007-04-18T09:24:36.,TRADER
Mme,Christelle,Petit,mpetit,lkjihgfldc,2000-06-20T13:38:07.,TRADER
Mme,Celine,André,landré,mlkjihgmed,2008-12-14T16:36:24.,ENGINEER
M.,Dominique,André,nandré,nmlkjihnfe,2009-09-05T11:15:08.,TRADER
M.,Michel,Durand,ydurand,onmlkjiogf,2001-07-02T13:02:20.,TRADER
Mme,Florence,Robert,vrobert,ponmlkjphg,2015-11-07T16:33:09.,ENGINEER
M.,Alexandre,Thomas,othomas,qponmlkqih,2016-10-31T13:49:17.,SALES
M.,Vincent,Martin,bmartin,rqponmlrji,2005-07-31T13:03:27.,ENGINEER
M.,Daniel,André,vandré,srqponmskj,2016-06-05T10:08:57.,ENGINEER
M.,Stephane,Richard,drichard,tsrqpontlk,2009-08-13T08:56:14.,SALES
M.,Thomas,Bernard,cbernard,utsrqpouml,2020-06-26T11:30:01.,ENGINEER
Mme,Anne,Thomas,ythomas,vutsrqpvnm,2002-10-19T13:48:00.,SALES
Mme,Madeleine,Durand,sdurand,wvutsrqwon,2006-06-09T13:25:05.,ENGINEER
Mme,Chantal,Durand,hdurand,xwvutsrxpo,2010-02-08T09:24:26.,SALES
Mme,Madeleine,Girard,tgirard,yxwvutsyqp,2003-11-23T14:06:26.,SALES
M.,Alexandre,Morel,xmorel,zyxwvutzrq,2009-05-14T10:00:27.,ENGINEER
M.,David,Moreau,bmoreau,0zyxwvu0sr,2013-11-18T15:23:23.,TRADER
M.,Frederic,Bertrand,zbertrand,10zyxwv1ts,2020-10-31T15:27:01.,ENGINEER
Mme,Odette,Girard,igirard,210zyxw2ut,2008-01-01T15:32:57.,ENGINEER
M.,Nicolas,Robert,qrobert,3210zyx3vu,2010-10-22T14:12:25.,TRADER
Mme,Claudine,Petit,epetit,43210zy4wv,2008-06-12T14:21:41.,ENGINEER
Mme,Francoise,Martin,amartin,543210z5xw,2007-01-18T08:31:37.,SALES
M.,Gerard,Bernard,sbernard,65432106yx,2018-02-17T15:10:58.,SALES
M.,Vincent,Martin,lmartin,76543217zy,2008-05-18T09:55:13.,TRADER
Mme,Dominique,Michel,zmichel,876543280z,2008-08-02T11:04:09.,SALES
Mme,Genevieve,Garcia,pgarcia,9876543a10,2013-05-27T08:10:57.,SALES
M.,Marc,Petit,vpetit,a987654b21,2019-01-21T10:45:53.,TRADER
M.,Franck,Leroy,gleroy,ba98765c32,2016-05-27T15:12:04.,SALES
Mme,Danielle,Lefebvre,elefebvre,cba9876d43,2017-04-29T15:00:09.,TRADER
Mme,Dominique,Lefèvre,glefèvre,dcba987e54,2019-02-01T12:46:44.,ENGINEER
M.,Nicolas,Garcia,wgarcia,edcba98f65,2012-11-30T11:17:01.,SALES
M.,Pascal,Michel,zmichel,fedcba9g76,2008-06-01T13:02:30.,TRADER
M.,Maurice,André,oandré,gfedcbah87,2011-09-27T15:03:28.,ENGINEER
Mme,Aurelie,Thomas,dthomas,hgfedcbi98,2007-04-19T12:29:58.,ENGINEER
M.,Guy,Girard,kgirard,ihgfedcja9,2004-06-05T09:21:21.,TRADER
M.,Marcel,Mercier,bmercier,jihgfedkba,2006-03-13T08:25:52.,TRADER
Mme,Dominique,Petit,ppetit,kjihgfelcb,2009-06-18T11:35:23.,ENGINEER
M.,Sebastien,Robert,irobert,lkjihgfmdc,2009-11-30T12:31:15.,TRADER
Mme,Jacqueline,Vincent,cvincent,mlkjihgned,2018-01-25T08:54:13.,TRADER
M.,Louis,Vincent,fvincent,nmlkjihofe,2017-02-22T14:19:19.,ENGINEER
Mme,Jeannine,Laurent,jlaurent,onmlkjipgf,2015-02-15T14:32:11.,TRADER
M.,Michel,Leroy,nleroy,ponmlkjqhg,2001-12-22T16:50:51.,ENGINEER
M.,Bernard,André,fandré,qponmlkrih,2018-04-01T16:54:59.,TRADER
M.,Pierre,Thomas,qthomas,rqponmlsji,2004-11-15T14:49:03.,SALES
Mme,Christelle,Robert,drobert,srqponmtkj,2008-06-07T16:37:54.,ENGINEER
M.,Andre,Roux,hroux,tsrqponulk,2006-11-18T16:49:51.,TRADER
Mme,Colette,Laurent,hlaurent,utsrqpovml,2014-03-01T10:53:34.,SALES
Mme,Florence,Michel,wmichel,vutsrqpwnm,2004-03-29T16:09:54.,ENGINEER
M.,Louis,Bernard,dbernard,wvutsrqxon,2010-07-01T13:31:43.,TRADER
M.,Gerard,Martin,tmartin,xwvutsrypo,2017-09-05T10:06:03.,ENGINEER
M.,Robert,Petit,ipetit,yxwvutszqp,2018-11-16T09:50:56.,ENGINEER
M.,Gerard,Petit,mpetit,zyxwvut_rq,2019-06-07T13:56:50.,ENGINEER
Mme,Paulette,Lefèvre,olefèvre,_zyxwvuasr,2005-04-20T11:00:17.,ENGINEER
Mme,Anne,Thomas,pthomas,a_zyxwvbts,2018-09-22T13:03:40.,TRADER
Mme,Helene,Garcia,ogarcia,ba_zyxwcut,2007-05-19T16:26:09.,ENGINEER
Mme,Josette,Morel,dmorel,cba_zyxdvu,2001-12-13T08:59:28.,SALES
Mme,Marie,Roux,kroux,dcba_zyewv,2002-12-15T08:40:00.,ENGINEER
Mme,Bernadette,Robert,zrobert,edcba_zfxw,2018-07-23T16:00:38.,ENGINEER
Mme,Laetitia,Martin,omartin,fedcba_gyx,2003-09-12T13:09:39.,ENGINEER
Mme,Marie,David,ydavid,gfedcbahzy,2002-01-31T09:22:47.,SALES
Mme,Martine,André,uandré,hgfedcbi_z,2017-04-18T15:43:20.,SALES
M.,Eric,Robert,irobert,ihgfedcja_,2004-11-05T11:37:46.,SALES
Mme,Monique,Richard,erichard,jihgfedkba,2015-12-30T11:05:00.,ENGINEER
M.,Guillaume,Martin,lmartin,kjihgfelcb,2000-05-20T12:56:23.,SALES
Mme,Jeanne,Simon,rsimon,lkjihgfmdc,2008-05-07T13:01:34.,TRADER
M.,George,Durand,hdurand,mlkjihgned,2014-12-06T09:50:40.,TRADER
M.,George,Roux,yroux,nmlkjihofe,2007-12-15T15:03:02.,TRADER
M.,David,Martin,zmartin,onmlkjipgf,2017-05-20T09:21:21.,SALES
M.,Alain,Petit,ppetit,ponmlkjqhg,2019-11-15T11:04:34.,ENGINEER
M.,Franck,Girard,sgirard,qponmlkrih,2002-04-29T12:39:20.,ENGINEER
M.,Jerome,Vincent,fvincent,rqponmlsji,2016-11-09T14:13:24.,SALES
M.,Olivier,Fournier,pfournier,srqponmtkj,2012-02-28T16:46:45.,ENGINEER
M.,Christophe,Durand,rdurand,tsrqponulk,2008-03-12T15:02:07.,SALES
Mme,Madeleine,Vincent,vvincent,utsrqpovml,2017-03-08T09:57:58.,ENGINEER
M.,Serge,Bernard,bbernard,vutsrqpwnm,2018-03-28T11:10:43.,ENGINEER
Mme,Renee,Lefèvre,vlefèvre,wvutsrqxon,2002-03-10T09:47:29.,TRADER
M.,Stephane,Lefebvre,llefebvre,xwvutsrypo,2003-07-20T09:41:21.,TRADER
M.,Guillaume,Robert,arobert,yxwvutszqp,2003-12-30T11:06:27.,ENGINEER
Mme,Cecile,Dubois,mdubois,zyxwvut0rq,2005-06-21T12:54:08.,ENGINEER
M.,Pierre,Thomas,lthomas,0zyxwvu1sr,2017-08-26T10:17:01.,TRADER
Mme,Florence,Dubois,gdubois,10zyxwv2ts,2012-10-31T15:35:52.,TRADER
M.,Pierre,Roux,groux,210zyxw3ut,2007-12-31T13:48:26.,SALES
M.,Claude,Leroy,ileroy,3210zyx4vu,2016-12-11T14:22:37.,ENGINEER
M.,Marcel,Bernard,ebernard,43210zy5wv,2008-07-14T12:09:02.,ENGINEER
M.,Pascal,Martin,amartin,543210z6xw,2017-11-08T08:28:33.,SALES
Mme,Margeuerite,Thomas,bthomas,65432107yx,2019-03-11T14:42:08.,TRADER
Mme,Isabelle,Robert,rrobert,76543218zy,2011-09-23T09:22:28.,SALES
M.,Thomas,Laurent,rlaurent,876543290z,2006-11-20T16:12:19.,SALES
M.,David,Michel,emichel,9876543b10,2002-10-17T16:04:41.,SALES
M.,Philippe,Dubois,vdubois,a987654c21,2014-02-22T13:09:30.,ENGINEER
Mme,Annie,Simon,ysimon,ba98765d32,2009-06-28T11:33:15.,SALES
Mme,Florence,Lefebvre,tlefebvre,cba9876e43,2007-06-10T15:29:18.,TRADER
M.,Jean,Richard,srichard,dcba987f54,2009-10-17T08:16:08.,ENGINEER
M.,Michel,Martin,vmartin,edcba98g65,2020-10-27T10:55:22.,SALES
Mme,Martine,Lefebvre,alefebvre,fedcba9h76,2004-03-15T10:58:24.,ENGINEER
Mme,Julie,Durand,vdurand,gfedcbai87,2015-10-10T10:27:20.,SALES
Mme,Christelle,Dubois,ydubois,hgfedcbj98,2017-08-02T16:53:18.,SALES
Mme,Renee,Michel,kmichel,ihgfedcka9,2002-10-07T16:14:20.,SALES
Mme,Martine,André,qandré,jihgfedlba,2015-05-02T08:52:26.,ENGINEER
M.,Jacques,Leroy,eleroy,kjihgfemcb,2019-09-20T08:59:17.,SALES
Mme,Celine,Bertrand,ebertrand,lkjihgfndc,2016-01-13T11:00:33.,ENGINEER
Mme,Denise,Bernard,obernard,mlkjihgoed,2015-11-13T08:33:45.,TRADER
Mme,Margeuerite,Morel,tmorel,nmlkjihpfe,2012-02-10T14:48:55.,ENGINEER
Mme,Caroline,Lefèvre,klefèvre,onmlkjiqgf,2017-01-15T08:23:27.,ENGINEER
M.,David,Vincent,bvincent,ponmlkjrhg,2016-09-16T13:30:15.,SALES
Mme,Nicole,Thomas,uthomas,qponmlksih,2011-04-26T12:18:22.,TRADER
M.,Vincent,Durand,adurand,rqponmltji,2005-06-20T15:01:27.,ENGINEER
M.,Julien,Moreau,mmoreau,srqponmukj,2015-06-03T08:24:00.,ENGINEER
Mme,Jacqueline,Bernard,xbernard,tsrqponvlk,2010-12-06T10:53:09.,TRADER
M.,Paul,Bertrand,abertrand,utsrqpowml,2003-05-08T13:42:41.,ENGINEER
Mme,Paulette,Moreau,ymoreau,vutsrqpxnm,2012-01-08T16:03:33.,TRADER
Mme,Marie,Girard,mgirard,wvutsrqyon,2007-03-10T16:47:01.,SALES
M.,Laurent,Laurent,dlaurent,xwvutsrzpo,2009-04-30T11:34:27.,SALES
M.,Jean-Pierre,Leroy,dleroy,yxwvuts_qp,2008-02-22T12:53:57.,ENGINEER
M.,Sebastien,Petit,ppetit,zyxwvutarq,2008-05-29T16:23:30.,SALES
Mme,Patricia,Leroy,gleroy,_zyxwvubsr,2014-02-02T13:08:55.,SALES
M.,Maurice,Petit,ipetit,a_zyxwvcts,2009-10-23T09:16:16.,ENGINEER
M.,Maurice,Durand,idurand,ba_zyxwdut,2007-11-30T12:19:37.,SALES
M.,Patrick,Richard,drichard,cba_zyxevu,2007-08-12T16:34:09.,SALES
M.,Michel,Dubois,mdubois,dcba_zyfwv,2000-11-19T16:07:07.,TRADER
Mme,Laetitia,Durand,adurand,edcba_zgxw,2014-06-21T09:54:34.,TRADER
Mme,Martine,Roux,lroux,fedcba_hyx,2019-10-04T11:21:57.,SALES
M.,Jacques,Garcia,mgarcia,gfedcbaizy,2013-01-29T10:17:12.,ENGINEER
Mme,Corinne,Thomas,zthomas,hgfedcbj_z,2001-07-13T10:24:14.,SALES
Mme,Denise,Vincent,lvincent,ihgfedcka_,2002-07-01T13:10:55.,SALES
Mme,Helene,Morel,kmorel,jihgfedlba,2011-12-31T09:59:00.,ENGINEER
M.,Philippe,Richard,erichard,kjihgfemcb,2002-07-04T12:28:29.,ENGINEER
M.,Daniel,Bernard,tbernard,lkjihgfndc,2004-03-28T14:01:51.,SALES
M.,Henri,Thomas,vthomas,mlkjihgoed,2014-05-29T08:14:19.,SALES
Mme,Renee,Bernard,tbernard,nmlkjihpfe,2013-07-24T13:04:51.,ENGINEER
Mme,Catherine,Morel,tmorel,onmlkjiqgf,2019-01-19T15:42:26.,ENGINEER
M.,Marcel,David,fdavid,ponmlkjrhg,2003-10-03T12:07:36.,TRADER
M.,Marcel,Bernard,gbernard,qponmlksih,2005-06-08T09:52:48.,SALES
Mme,Brigitte,Richard,yrichard,rqponmltji,2000-12-10T13:45:26.,TRADER
Mme,Christelle,Bernard,ibernard,srqponmukj,2010-06-27T11:00:22.,ENGINEER
Mme,Julie,Durand,mdurand,tsrqponvlk,2007-02-01T12:42:26.,ENGINEER
M.,Louis,Bernard,pbernard,utsrqpowml,2010-04-25T12:15:23.,ENGINEER
Mme,Christine,Martin,smartin,vutsrqpxnm,2012-01-18T16:32:59.,SALES
Mme,Marie,Richard,vrichard,wvutsrqyon,2011-10-12T09:00:38.,ENGINEER
M.,Jean,David,ldavid,xwvutsrzpo,2010-07-07T12:09:39.,ENGINEER
Mme,Martine,Moreau,wmoreau,yxwvuts0qp,2002-05-12T14:51:18.,TRADER
M.,Louis,Lefebvre,clefebvre,zyxwvut1rq,2012-02-09T15:50:17.,SALES
M.,Michel,Martin,ymartin,0zyxwvu2sr,2002-04-17T13:47:58.,TRADER
M.,Guy,Garcia,cgarcia,10zyxwv3ts,2011-03-05T13:17:16.,TRADER
Mme,Laetitia,Simon,csimon,210zyxw4ut,2004-01-29T11:25:12.,SALES
M.,Rene,Dubois,wdubois,3210zyx5vu,2002-05-10T09:08:39.,TRADER
M.,Marc,Martin,emartin,43210zy6wv,2011-11-24T11:29:18.,TRADER
M.,Julien,Thomas,gthomas,543210z7xw,2007-12-21T08:35:34.,SALES
M.,Michel,Mercier,ymercier,65432108yx,2010-10-04T11:53:22.,TRADER
Mme,Julie,Lefebvre,ulefebvre,76543219zy,2006-04-10T11:32:37.,SALES
M.,George,Bertrand,tbertrand,8765432a0z,2019-05-05T12:20:45.,ENGINEER
Mme,Celine,Vincent,cvincent,9876543c10,2020-06-06T10:59:03.,ENGINEER
M.,Christian,Girard,kgirard,a987654d21,2003-05-30T09:46:55.,ENGINEER
M.,Laurent,Martin,bmartin,ba98765e32,2004-06-15T09:32:38.,TRADER
M.,Frederic,Thomas,sthomas,cba9876f43,2001-09-26T13:39:49.,SALES
M.,Roger,Richard,lrichard,dcba987g54,2002-02-10T12:05:56.,ENGINEER
Mme,Martine,Richard,krichard,edcba98h65,2000-12-23T14:57:21.,TRADER
M.,Philippe,Petit,dpetit,fedcba9i76,2008-07-03T14:17:35.,SALES
Mme,Audrey,Mercier,nmercier,gfedcbaj87,2009-08-26T12:38:29.,SALES
M.,Bernard,Durand,zdurand,hgfedcbk98,2007-04-15T12:08:37.,SALES
Mme,Claire,Bernard,qbernard,ihgfedcla9,2007-08-16T12:40:29.,ENGINEER
Mme,Julie,Robert,rrobert,jihgfedmba,2008-05-27T14:23:34.,ENGINEER
Mme,Catherine,Bernard,nbernard,kjihgfencb,2020-07-27T15:03:04.,SALES
M.,Christophe,André,randré,lkjihgfodc,2003-07-23T15:34:42.,TRADER
Mme,Dominique,Richard,krichard,mlkjihgped,2019-12-05T09:42:36.,ENGINEER
M.,Henri,Petit,opetit,nmlkjihqfe,2010-10-17T15:48:38.,ENGINEER
M.,Nicolas,Robert,urobert,onmlkjirgf,2004-08-23T14:22:28.,TRADER
Mme,Celine,Petit,hpetit,ponmlkjshg,2005-08-02T09:37:42.,ENGINEER
Mme,Josette,Morel,imorel,qponmlktih,2000-11-29T11:46:44.,TRADER
Mme,Florence,Morel,nmorel,rqponmluji,2019-01-18T08:30:19.,TRADER
Mme,Josette,Dubois,bdubois,srqponmvkj,2014-02-03T09:11:58.,SALES
M.,Jerome,Martin,zmartin,tsrqponwlk,2003-06-04T12:09:50.,ENGINEER
M.,Bernard,Dubois,ydubois,utsrqpoxml,2008-11-03T11:43:47.,ENGINEER
M.,Guy,Lefèvre,llefèvre,vutsrqpynm,2017-06-01T10:05:12.,TRADER
M.,Michel,Thomas,pthomas,wvutsrqzon,2009-12-06T14:50:17.,ENGINEER
M.,Christophe,Michel,rmichel,xwvutsr_po,2017-05-18T13:46:24.,SALES
Mme,Chantal,Simon,osimon,yxwvutsaqp,2008-06-08T14:56:08.,SALES
M.,Claude,Michel,xmichel,zyxwvutbrq,2018-04-17T09:23:08.,TRADER
M.,Patrick,Bertrand,qbertrand,_zyxwvucsr,2000-08-21T08:41:04.,ENGINEER
M.,Jean-Pierre,Roux,iroux,a_zyxwvdts,2016-10-06T11:29:52.,ENGINEER
Mme,Francoise,Richard,trichard,ba_zyxweut,2006-08-20T09:26:33.,SALES
Mme,Christelle,Garcia,cgarcia,cba_zyxfvu,2004-04-03T13:21:50.,ENGINEER
M.,Olivier,Dubois,adubois,dcba_zygwv,2007-05-26T10:02:29.,ENGINEER
Mme,Renee,Leroy,pleroy,edcba_zhxw,2008-07-27T11:36:25.,ENGINEER
M.,Rene,Lefèvre,alefèvre,fedcba_iyx,2002-11-03T14:44:19.,TRADER
M.,Pierre,Moreau,smoreau,gfedcbajzy,2003-03-04T11:36:32.,SALES
M.,Christian,Durand,jdurand,hgfedcbk_z,2004-12-03T16:22:01.,SALES
M.,Stephane,Petit,mpetit,ihgfedcla_,2008-10-21T13:58:53.,SALES
M.,Marcel,Thomas,uthomas,jihgfedmba,2002-03-07T13:22:56.,SALES
Mme,Emilie,Roux,xroux,kjihgfencb,2008-08-11T14:44:21.,ENGINEER
M.,Yves,Lefebvre,plefebvre,lkjihgfodc,2004-03-20T15:45:43.,ENGINEER
M.,Guy,Leroy,ileroy,mlkjihgped,2012-08-05T14:18:24.,ENGINEER
Mme,Helene,Robert,srobert,nmlkjihqfe,2004-05-07T15:42:30.,SALES
M.,Henri,Bernard,ybernard,onmlkjirgf,2019-04-23T10:40:45.,ENGINEER
Mme,Julie,Moreau,rmoreau,ponmlkjshg,2013-05-08T14:10:00.,ENGINEER
M.,Paul,Dubois,bdubois,qponmlktih,2010-02-14T16:01:30.,TRADER
M.,George,Thomas,bthomas,rqponmluji,2016-08-20T14:43:24.,TRADER
M.,Pierre,Martin,bmartin,srqponmvkj,2002-11-23T08:33:04.,TRADER
M.,Nicolas,Simon,nsimon,tsrqponwlk,2010-05-18T16:55:46.,SALES
Mme,Audrey,Dubois,kdubois,utsrqpoxml,2010-07-31T14:03:42.,TRADER
Mme,Brigitte,Fournier,yfournier,vutsrqpynm,2014-03-21T15:11:36.,TRADER
M.,David,Dubois,ldubois,wvutsrqzon,2006-12-18T08:49:58.,SALES
Mme,Catherine,Leroy,sleroy,xwvutsr0po,2004-12-19T11:52:05.,TRADER
M.,Paul,Lefebvre,dlefebvre,yxwvuts1qp,2007-04-04T15:26:18.,TRADER
M.,Olivier,Roux,froux,zyxwvut2rq,2017-11-11T16:06:42.,TRADER
Mme,Marcelle,Richard,vrichard,0zyxwvu3sr,2015-09-23T14:31:12.,SALES
Mme,Marcelle,Thomas,xthomas,10zyxwv4ts,2015-11-17T15:12:56.,ENGINEER
M.,Eric,Lefèvre,ilefèvre,210zyxw5ut,2016-04-06T12:43:50.,SALES
Mme,Anne,Dubois,cdubois,3210zyx6vu,2020-12-30T14:38:54.,TRADER
Mme,Denise,Petit,zpetit,43210zy7wv,2007-01-24T11:05:09.,TRADER
M.,Claude,Girard,mgirard,543210z8xw,2002-07-29T08:58:16.,ENGINEER
M.,Sebastien,Durand,odurand,65432109yx,2010-11-14T09:23:46.,TRADER
M.,Pascal,Martin,mmartin,7654321azy,2003-12-30T09:05:03.,TRADER
Mme,Annie,Michel,rmichel,8765432b0z,2000-11-16T08:51:40.,SALES
Mme,Josette,Dubois,zdubois,9876543d10,2007-12-08T09:44:20.,SALES
M.,Jerome,Martin,qmartin,a987654e21,2005-02-01T11:12:52.,TRADER
M.,Francois,Thomas,uthomas,ba98765f32,2007-02-03T10:23:26.,SALES
Mme,Genevieve,Morel,imorel,cba9876g43,2010-01-27T14:05:05.,ENGINEER
M.,Francois,Laurent,dlaurent,dcba987h54,2007-05-09T08:14:52.,ENGINEER
M.,Roger,Lefèvre,tlefèvre,edcba98i65,2006-06-12T16:23:09.,TRADER
Mme,Claudine,Bernard,qbernard,fedcba9j76,2015-06-28T15:08:56.,TRADER
Mme,Jeanne,Durand,xdurand,gfedcbak87,2018-12-01T09:22:30.,ENGINEER
M.,Patrick,Robert,irobert,hgfedcbl98,2001-11-25T12:39:41.,TRADER
M.,Laurent,Leroy,dleroy,ihgfedcma9,2013-11-02T13:35:58.,SALES
M.,Gerard,Durand,adurand,jihgfednba,2020-04-10T13:19:16.,SALES
M.,Philippe,Robert,erobert,kjihgfeocb,2014-05-17T10:38:53.,SALES
M.,Christophe,Martin,umartin,lkjihgfpdc,2020-09-23T15:39:01.,ENGINEER
Mme,Catherine,Lefèvre,tlefèvre,mlkjihgqed,2002-12-03T12:11:21.,SALES
Mme,Cecile,Lefebvre,wlefebvre,nmlkjihrfe,2017-02-10T09:25:53.,TRADER
Mme,Corinne,Vincent,pvincent,onmlkjisgf,2020-12-29T15:20:49.,TRADER
M.,Yves,Dubois,ldubois,ponmlkjthg,2004-05-22T15:55:43.,SALES
Mme,Jeannine,Bernard,tbernard,qponmlkuih,2007-03-17T10:40:39.,ENGINEER
Mme,Nicole,Robert,wrobert,rqponmlvji,2020-05-09T15:06:21.,ENGINEER
M.,George,Laurent,claurent,srqponmwkj,2000-01-27T11:34:48.,TRADER
M.,Alexandre,Roux,sroux,tsrqponxlk,2002-04-28T11:43:57.,SALES
M.,Andre,Thomas,hthomas,utsrqpoyml,2018-11-25T08:48:53.,ENGINEER
Mme,Jeannine,Petit,jpetit,vutsrqpznm,2015-08-26T09:07:20.,SALES
M.,Henri,Richard,arichard,wvutsrq_on,2015-01-21T16:26:26.,TRADER
M.,Serge,Durand,qdurand,xwvutsrapo,2006-02-19T11:16:33.,TRADER
M.,Jacques,Petit,ppetit,yxwvutsbqp,2019-03-14T16:41:59.,SALES
Mme,Caroline,Leroy,lleroy,zyxwvutcrq,2006-06-25T10:17:36.,TRADER
M.,Maurice,Durand,sdurand,_zyxwvudsr,2011-06-11T16:39:02.,ENGINEER
Mme,Celine,Laurent,slaurent,a_zyxwvets,2012-01-26T14:14:52.,ENGINEER
M.,Marcel,David,cdavid,ba_zyxwfut,2015-10-31T15:31:10.,SALES
Mme,Cecile,Lefèvre,qlefèvre,cba_zyxgvu,2020-07-16T16:01:04.,SALES
M.,Nicolas,Morel,wmorel,dcba_zyhwv,2015-08-02T11:50:55.,ENGINEER
Mme,Annie,Robert,nrobert,edcba_zixw,2007-07-05T08:48:39.,ENGINEER
Mme,Florence,Roux,rroux,fedcba_jyx,2017-03-07T15:52:32.,ENGINEER
Mme,Isabelle,Richard,jrichard,gfedcbakzy,2003-09-01T15:51:25.,ENGINEER
Mme,Celine,Garcia,agarcia,hgfedcbl_z,2019-06-18T12:39:16.,SALES
Mme,Andree,Michel,lmichel,ihgfedcma_,2019-05-19T15:23:12.,ENGINEER
Mme,Elisabeth,Roux,croux,jihgfednba,2007-11-05T16:12:45.,ENGINEER
Mme,Laetitia,Vincent,nvincent,kjihgfeocb,2018-05-12T15:27:18.,TRADER
Mme,Francoise,Robert,grobert,lkjihgfpdc,2012-11-12T09:33:13.,SALES
M.,Dominique,Dubois,kdubois,mlkjihgqed,2005-01-09T16:32:10.,SALES
M.,Sebastien,Martin,amartin,nmlkjihrfe,2020-01-09T08:55:29.,SALES
M.,Henri,Michel,wmichel,onmlkjisgf,2017-04-30T13:08:46.,TRADER
Mme,Andree,Laurent,claurent,ponmlkjthg,2020-10-04T10:47:54.,SALES
M.,Didier,Leroy,hleroy,qponmlkuih,2018-04-07T16:02:05.,ENGINEER
M.,Paul,Laurent,ylaurent,rqponmlvji,2019-09-24T09:30:16.,ENGINEER
M.,Christophe,Roux,nroux,srqponmwkj,2010-06-15T09:54:44.,SALES
Mme,Laurence,Martin,imartin,tsrqponxlk,2006-06-14T13:12:21.,TRADER
M.,Bernard,Robert,qrobert,utsrqpoyml,2005-09-01T09:43:23.,TRADER
M.,Olivier,Mercier,zmercier,vutsrqpznm,2010-05-07T10:20:44.,SALES
Mme,Martine,Richard,arichard,wvutsrq0on,2010-04-06T08:00:22.,SALES
Mme,Corinne,Roux,kroux,xwvutsr1po,2002-08-17T09:22:39.,TRADER
Mme,Cecile,Mercier,lmercier,yxwvuts2qp,2001-06-16T12:38:11.,TRADER
Mme,Julie,Bernard,sbernard,zyxwvut3rq,2000-02-24T10:30:39.,TRADER
M.,Olivier,Mercier,ymercier,0zyxwvu4sr,2019-07-24T14:49:31.,TRADER
Mme,Francoise,Martin,emartin,10zyxwv5ts,2008-02-29T09:40:14.,TRADER
Mme,Caroline,Simon,psimon,210zyxw6ut,2004-07-02T10:32:27.,SALES
M.,Olivier,Martin,wmartin,3210zyx7vu,2012-12-24T16:15:59.,ENGINEER
M.,Vincent,Robert,jrobert,43210zy8wv,2002-09-01T10:31:55.,ENGINEER
Mme,Madeleine,Dubois,vdubois,543210z9xw,2020-07-04T15:23:40.,TRADER
M.,Jerome,David,sdavid,6543210ayx,2009-04-17T10:25:02.,ENGINEER
Mme,Renee,Moreau,pmoreau,7654321bzy,2005-12-04T09:04:17.,SALES
M.,Olivier,Martin,umartin,8765432c0z,2000-09-16T16:23:24.,TRADER
M.,Claude,Richard,arichard,9876543e10,2013-10-04T12:50:59.,ENGINEER
Mme,Florence,Robert,jrobert,a987654f21,2019-09-07T16:05:52.,SALES
M.,Julien,Bernard,mbernard,ba98765g32,2019-02-04T14:50:13.,ENGINEER
M.,Daniel,Petit,opetit,cba9876h43,2006-08-09T11:22:17.,SALES
Mme,Elodie,Richard,prichard,dcba987i54,2005-03-26T14:55:29.,ENGINEER
Mme,Chantal,Bertrand,hbertrand,edcba98j65,2015-08-18T15:19:05.,TRADER
M.,Alexandre,Garcia,hgarcia,fedcba9k76,2008-08-31T11:19:07.,ENGINEER
M.,Thierry,Richard,urichard,gfedcbal87,2005-08-06T14:23:44.,ENGINEER
M.,Francois,Bertrand,vbertrand,hgfedcbm98,2004-08-20T09:41:41.,SALES
M.,Daniel,Roux,hroux,ihgfedcna9,2005-11-10T08:24:34.,TRADER
Mme,Dominique,Martin,dmartin,jihgfedoba,2015-10-08T16:32:10.,SALES
Mme,Cecile,Fournier,mfournier,kjihgfepcb,2006-12-24T11:52:41.,TRADER
M.,Bruno,Richard,erichard,lkjihgfqdc,2009-06-08T15:37:29.,TRADER
Mme,Emilie,Martin,gmartin,mlkjihgred,2009-10-10T08:44:10.,TRADER
M.,Nicolas,Bertrand,ibertrand,nmlkjihsfe,2017-04-18T12:17:34.,ENGINEER
M.,David,Bertrand,qbertrand,onmlkjitgf,2008-04-05T09:25:38.,SALES
M.,Sebastien,Simon,hsimon,ponmlkjuhg,2007-01-09T11:26:18.,ENGINEER
Mme,Andree,Bernard,ebernard,qponmlkvih,2008-09-29T15:33:19.,ENGINEER
Mme,Laurence,Bertrand,abertrand,rqponmlwji,2003-03-31T13:38:06.,TRADER
Mme,Marcelle,David,sdavid,srqponmxkj,2008-03-08T11:55:47.,SALES
M.,Marcel,Leroy,bleroy,tsrqponylk,2017-11-09T09:07:22.,SALES
M.,Dominique,Bernard,pbernard,utsrqpozml,2019-12-14T09:30:40.,ENGINEER
M.,Guillaume,Bernard,abernard,vutsrqp_nm,2009-02-16T14:06:59.,ENGINEER
M.,Daniel,Fournier,zfournier,wvutsrqaon,2001-10-17T09:16:05.,TRADER
M.,Jerome,Thomas,uthomas,xwvutsrbpo,2012-02-26T16:26:22.,SALES
M.,Marcel,Lefebvre,llefebvre,yxwvutscqp,2012-01-12T11:32:54.,SALES
Mme,Anne,Petit,bpetit,zyxwvutdrq,2017-04-23T08:14:46.,TRADER
Mme,Nicole,Durand,edurand,_zyxwvuesr,2019-06-03T16:48:15.,ENGINEER
Mme,Julie,Martin,smartin,a_zyxwvfts,2007-07-02T13:57:08.,TRADER
M.,Nicolas,Petit,qpetit,ba_zyxwgut,2010-12-26T16:06:13.,SALES
Mme,Christelle,Girard,kgirard,cba_zyxhvu,2003-08-10T16:10:03.,ENGINEER
M.,Serge,Mercier,dmercier,dcba_zyiwv,2016-11-11T10:06:30.,ENGINEER
M.,Robert,Simon,hsimon,edcba_zjxw,2006-02-20T13:19:43.,ENGINEER
M.,Paul,Martin,hmartin,fedcba_kyx,2018-02-20T08:15:14.,TRADER
Mme,Brigitte,David,ldavid,gfedcbalzy,2012-04-21T14:19:10.,SALES
Mme,Marcelle,Fournier,pfournier,hgfedcbm_z,2010-01-26T11:19:29.,ENGINEER
Mme,Renee,Leroy,wleroy,ihgfedcna_,2013-11-28T14:15:30.,TRADER
M.,Maurice,Robert,vrobert,jihgfedoba,2003-07-22T12:38:06.,SALES
Mme,Christine,Laurent,olaurent,kjihgfepcb,2014-09-14T13:22:47.,TRADER
Mme,Natalie,Durand,kdurand,lkjihgfqdc,2007-04-20T09:15:18.,ENGINEER
M.,Eric,Martin,smartin,mlkjihgred,2020-06-15T08:43:50.,TRADER
Mme,Emilie,Dubois,wdubois,nmlkjihsfe,2009-12-01T13:37:17.,SALES
Mme,Nicole,Mercier,ymercier,onmlkjitgf,2013-02-08T09:03:12.,TRADER
M.,Dominique,Garcia,ygarcia,ponmlkjuhg,2014-05-03T08:57:28.,ENGINEER
Mme,Audrey,Richard,lrichard,qponmlkvih,2013-03-29T09:18:49.,ENGINEER
M.,Guy,Michel,fmichel,rqponmlwji,2007-11-16T10:25:50.,SALES
Mme,Andree,Martin,emartin,srqponmxkj,2002-08-02T13:39:52.,SALES
M.,Bernard,Bertrand,sbertrand,tsrqponylk,2012-02-20T16:54:16.,SALES
M.,Louis,Dubois,qdubois,utsrqpozml,2017-06-09T10:59:04.,SALES
Mme,Jacqueline,Lefebvre,nlefebvre,vutsrqp0nm,2004-02-25T13:03:24.,SALES
M.,Patrick,Lefebvre,rlefebvre,wvutsrq1on,2013-04-24T13:07:30.,SALES
M.,Stephane,Robert,arobert,xwvutsr2po,2003-04-29T11:45:42.,TRADER
Mme,Christelle,Mercier,wmercier,yxwvuts3qp,2010-12-20T14:19:23.,SALES
Mme,Colette,Richard,krichard,zyxwvut4rq,2010-01-02T13:11:26.,SALES
M.,Jean-Pierre,Laurent,klaurent,0zyxwvu5sr,2003-05-18T11:25:09.,TRADER
Mme,Marcelle,Laurent,flaurent,10zyxwv6ts,2009-07-16T16:55:26.,SALES
Mme,Elodie,Lefebvre,nlefebvre,210zyxw7ut,2015-05-21T08:11:45.,SALES
Mme,Madeleine,Robert,brobert,3210zyx8vu,2018-08-14T08:40:37.,SALES
Mme,Andree,Bernard,obernard,43210zy9wv,2014-12-04T11:28:14.,TRADER
Mme,Monique,Petit,opetit,543210zaxw,2003-04-15T16:14:40.,ENGINEER
Mme,Jeanne,Fournier,qfournier,6543210byx,2013-08-17T10:36:56.,SALES
M.,Andre,Richard,brichard,7654321czy,2000-07-07T11:10:31.,ENGINEER
M.,Marcel,Moreau,imoreau,8765432d0z,2019-01-22T15:54:24.,ENGINEER
Mme,Isabelle,Moreau,tmoreau,9876543f10,2020-10-02T08:51:40.,TRADER
Mme,Natalie,Bertrand,ibertrand,a987654g21,2011-09-07T13:08:11.,TRADER
M.,Joseph,Roux,qroux,ba98765h32,2008-05-13T15:20:26.,ENGINEER
M.,Alain,André,xandré,cba9876i43,2005-03-30T14:51:57.,SALES
M.,Thierry,Martin,pmartin,dcba987j54,2014-07-15T15:02:32.,TRADER
Mme,Josette,André,handré,edcba98k65,2017-11-26T08:58:30.,TRADER
Mme,Corinne,Moreau,wmoreau,fedcba9l76,2010-03-13T10:49:31.,SALES
Mme,Claire,Thomas,gthomas,gfedcbam87,2013-05-20T15:37:57.,SALES
Mme,Elisabeth,Martin,zmartin,hgfedcbn98,2013-08-01T13:34:01.,TRADER
M.,Alain,Moreau,lmoreau,ihgfedcoa9,2014-10-24T16:34:30.,SALES
Mme,Danielle,Martin,lmartin,jihgfedpba,2006-05-15T09:53:35.,TRADER
Mme,Dominique,David,kdavid,kjihgfeqcb,2016-04-19T12:51:20.,SALES
M.,Jerome,Dubois,ddubois,lkjihgfrdc,2012-09-06T12:27:42.,TRADER
M.,Jean,Martin,smartin,mlkjihgsed,2019-03-07T15:42:46.,TRADER
M.,Frederic,André,pandré,nmlkjihtfe,2006-11-13T13:00:47.,TRADER
Mme,Elisabeth,Michel,vmichel,onmlkjiugf,2013-07-12T16:03:26.,ENGINEER
M.,Bruno,Martin,pmartin,ponmlkjvhg,2003-05-03T13:03:09.,SALES
Mme,Marie,Lefebvre,nlefebvre,qponmlkwih,2003-05-25T15:16:06.,SALES
Mme,Genevieve,Richard,urichard,rqponmlxji,2017-02-10T14:40:18.,SALES
Mme,Brigitte,Roux,droux,srqponmykj,2002-06-24T12:53:34.,TRADER
Mme,Helene,Girard,tgirard,tsrqponzlk,2017-10-16T14:45:07.,ENGINEER
M.,Bruno,Petit,dpetit,utsrqpo_ml,2007-01-08T11:23:51.,ENGINEER
M.,Rene,Roux,lroux,vutsrqpanm,2000-12-24T15:38:28.,SALES
M.,Marc,Girard,mgirard,wvutsrqbon,2013-06-06T13:39:42.,TRADER
Mme,Christelle,David,gdavid,xwvutsrcpo,2019-06-02T13:22:26.,ENGINEER
Mme,Florence,Petit,npetit,yxwvutsdqp,2019-02-15T13:36:33.,ENGINEER
M.,Paul,Roux,aroux,zyxwvuterq,2020-03-22T10:34:44.,SALES
M.,Andre,Martin,ymartin,_zyxwvufsr,2019-09-07T08:20:39.,ENGINEER
M.,Thierry,Bertrand,ubertrand,a_zyxwvgts,2003-06-28T08:26:05.,SALES
Mme,Odette,Richard,vrichard,ba_zyxwhut,2018-08-04T11:07:01.,ENGINEER
Mme,Laetitia,Martin,hmartin,cba_zyxivu,2005-03-25T13:06:31.,TRADER
M.,Alexandre,Richard,hrichard,dcba_zyjwv,2008-09-23T14:06:58.,ENGINEER
M.,Gerard,Michel,tmichel,edcba_zkxw,2014-10-28T14:16:53.,SALES
M.,Frederic,Fournier,efournier,fedcba_lyx,2005-07-23T09:27:41.,TRADER
M.,Thomas,Garcia,mgarcia,gfedcbamzy,2013-01-26T13:32:52.,SALES
Mme,Patricia,Garcia,ogarcia,hgfedcbn_z,2013-08-10T11:16:29.,SALES
Mme,Florence,André,iandré,ihgfedcoa_,2002-12-09T15:19:09.,TRADER
M.,Olivier,Moreau,emoreau,jihgfedpba,2015-03-16T13:48:46.,SALES
M.,Michel,Simon,asimon,kjihgfeqcb,2000-09-17T12:35:14.,TRADER
M.,Christophe,Martin,tmartin,lkjihgfrdc,2006-05-30T14:27:36.,TRADER
M.,Christophe,Bernard,wbernard,mlkjihgsed,2015-02-07T16:36:03.,TRADER
Mme,Helene,Girard,dgirard,nmlkjihtfe,2016-01-14T09:15:06.,SALES
M.,Guillaume,Martin,ymartin,onmlkjiugf,2005-07-20T11:44:18.,SALES
M.,Dominique,Martin,rmartin,ponmlkjvhg,2016-09-17T12:35:19.,TRADER
M.,Bernard,Vincent,dvincent,qponmlkwih,2010-10-01T08:22:10.,SALES
Mme,Claire,Bernard,cbernard,rqponmlxji,2006-04-21T12:29:02.,TRADER
Mme,Nicole,André,aandré,srqponmykj,2010-06-27T15:46:34.,TRADER
M.,Thierry,Lefebvre,rlefebvre,tsrqponzlk,2004-06-17T16:19:27.,SALES
Mme,Anne,Bernard,ebernard,utsrqpo0ml,2000-09-01T14:06:47.,TRADER
Mme,Andree,Moreau,fmoreau,vutsrqp1nm,2000-02-08T16:24:42.,TRADER
Mme,Danielle,Michel,emichel,wvutsrq2on,2016-08-03T09:37:14.,SALES
M.,Alain,Garcia,ngarcia,xwvutsr3po,2009-03-18T16:40:58.,TRADER
M.,Gerard,Simon,hsimon,yxwvuts4qp,2000-09-15T09:37:03.,ENGINEER
M.,Frederic,David,hdavid,zyxwvut5rq,2011-04-10T11:02:34.,TRADER
Mme,Bernadette,Lefèvre,blefèvre,0zyxwvu6sr,2003-05-13T13:47:39.,SALES
M.,Sebastien,Martin,fmartin,10zyxwv7ts,2010-11-16T08:45:58.,SALES
M.,Bruno,Simon,dsimon,210zyxw8ut,2000-09-29T14:06:22.,TRADER
Mme,Marie,Thomas,xthomas,3210zyx9vu,2019-12-03T13:06:12.,SALES
Mme,Michele,Martin,smartin,43210zyawv,2001-03-30T15:50:41.,TRADER
Mme,Celine,Fournier,wfournier,543210zbxw,2003-07-02T08:59:21.,TRADER
M.,Olivier,Martin,bmartin,6543210cyx,2013-04-08T13:39:53.,TRADER
M.,Francois,Leroy,kleroy,7654321dzy,2013-11-19T08:51:46.,SALES
Mme,Jeannine,Dubois,pdubois,8765432e0z,2002-02-24T11:51:17.,TRADER
Mme,Jacqueline,Laurent,dlaurent,9876543g10,2005-09-16T11:37:58.,TRADER
Mme,Andree,Moreau,qmoreau,a987654h21,2004-09-20T09:35:06.,TRADER
Mme,Anne,Thomas,gthomas,ba98765i32,2019-12-16T12:28:02.,TRADER
Mme,Francoise,André,yandré,cba9876j43,2013-06-29T10:53:47.,SALES
Mme,Andree,Simon,nsimon,dcba987k54,2017-01-16T15:16:39.,ENGINEER
Mme,Emilie,Morel,cmorel,edcba98l65,2001-08-28T10:39:18.,TRADER
M.,Dominique,Garcia,sgarcia,fedcba9m76,2017-10-29T11:50:21.,ENGINEER
M.,Pascal,Laurent,claurent,gfedcban87,2013-01-09T08:28:10.,SALES
Mme,Odette,Garcia,ngarcia,hgfedcbo98,2017-06-05T10:56:17.,SALES
M.,Guy,Roux,groux,ihgfedcpa9,2001-06-19T11:29:13.,TRADER
Mme,Cecile,Garcia,ggarcia,jihgfedqba,2011-03-05T12:11:43.,SALES
M.,Patrick,Roux,oroux,kjihgfercb,2015-02-25T14:33:47.,ENGINEER
M.,Alexandre,Lefèvre,dlefèvre,lkjihgfsdc,2017-12-22T11:53:51.,SALES
Mme,Michele,Roux,hroux,mlkjihgted,2012-07-17T16:50:02.,SALES
Mme,Jeanne,Martin,nmartin,nmlkjihufe,2007-02-09T09:03:01.,TRADER
Mme,Laurence,Garcia,ygarcia,onmlkjivgf,2018-04-04T14:46:24.,TRADER
M.,Marc,Morel,kmorel,ponmlkjwhg,2011-03-31T15:32:20.,ENGINEER
M.,David,Dubois,sdubois,qponmlkxih,2005-06-02T16:22:06.,ENGINEER
Mme,Aurelie,Robert,grobert,rqponmlyji,2007-01-01T14:35:39.,SALES
Mme,Margeuerite,Garcia,qgarcia,srqponmzkj,2016-06-02T08:04:35.,SALES
M.,Thierry,Lefèvre,plefèvre,tsrqpon_lk,2007-12-26T16:54:01.,TRADER
M.,Yves,Thomas,ethomas,utsrqpoaml,2004-05-30T12:46:50.,ENGINEER
Mme,Jeannine,Bertrand,bbertrand,vutsrqpbnm,2000-03-28T09:08:19.,TRADER
Mme,Emilie,Bernard,tbernard,wvutsrqcon,2011-11-06T11:06:05.,TRADER
Mme,Laurence,Bernard,xbernard,xwvutsrdpo,2019-11-26T14:46:25.,ENGINEER
M.,Eric,Durand,edurand,yxwvutseqp,2008-01-29T14:11:53.,TRADER
M.,Stephane,Roux,xroux,zyxwvutfrq,2004-07-09T15:50:01.,TRADER
Mme,Emilie,Morel,xmorel,_zyxwvugsr,2005-08-07T09:02:49.,SALES
M.,Rene,Fournier,mfournier,a_zyxwvhts,2003-07-14T14:38:09.,TRADER
M.,Jean-Pierre,Robert,rrobert,ba_zyxwiut,2001-03-20T16:47:44.,SALES
M.,Jerome,Richard,prichard,cba_zyxjvu,2020-05-23T16:27:42.,TRADER
Mme,Renee,Leroy,bleroy,dcba_zykwv,2013-07-12T09:36:02.,ENGINEER
Mme,Nicole,Roux,croux,edcba_zlxw,2001-08-26T15:16:44.,ENGINEER
M.,Henri,Martin,gmartin,fedcba_myx,2010-04-05T11:00:40.,TRADER
Mme,Catherine,Bertrand,abertrand,gfedcbanzy,2016-02-08T11:20:31.,ENGINEER
M.,Guy,Laurent,ilaurent,hgfedcbo_z,2001-12-30T10:28:07.,TRADER
M.,Serge,Richard,mrichard,ihgfedcpa_,2004-01-30T11:31:21.,TRADER
M.,Jean-Pierre,Laurent,rlaurent,jihgfedqba,2011-06-21T11:21:09.,ENGINEER
Mme,Danielle,Richard,rrichard,kjihgfercb,2016-07-14T14:39:35.,ENGINEER
M.,Michel,Martin,vmartin,lkjihgfsdc,2005-01-05T11:07:13.,TRADER
Mme,Odette,Garcia,ogarcia,mlkjihgted,2015-10-06T13:00:09.,ENGINEER
Mme,Chantal,Martin,vmartin,nmlkjihufe,2004-01-02T13:56:57.,TRADER
Mme,Danielle,Morel,xmorel,onmlkjivgf,2000-04-10T13:41:41.,TRADER
Mme,Florence,Thomas,uthomas,ponmlkjwhg,2004-09-14T13:40:23.,ENGINEER
Mme,Laurence,Moreau,amoreau,qponmlkxih,2019-07-04T13:17:26.,TRADER
M.,Guy,Moreau,imoreau,rqponmlyji,2016-07-10T14:14:52.,TRADER
M.,Bernard,Petit,jpetit,srqponmzkj,2003-06-09T10:54:57.,ENGINEER
M.,David,Dubois,kdubois,tsrqpon0lk,2005-10-02T10:29:22.,TRADER
Mme,Francoise,Garcia,zgarcia,utsrqpo1ml,2005-09-27T16:00:57.,TRADER
Mme,Renee,Roux,proux,vutsrqp2nm,2012-09-09T10:28:39.,TRADER
Mme,Elisabeth,Bernard,abernard,wvutsrq3on,2020-10-07T08:01:36.,ENGINEER
M.,Julien,Martin,emartin,xwvutsr4po,2015-01-17T09:30:02.,ENGINEER
M.,Yves,Vincent,avincent,yxwvuts5qp,2005-03-31T10:51:53.,ENGINEER
M.,Marc,Michel,jmichel,zyxwvut6rq,2000-05-11T08:47:49.,SALES
M.,Marc,Laurent,qlaurent,0zyxwvu7sr,2001-03-25T17:15:00.,TRADER
M.,Dominique,André,handré,10zyxwv8ts,2013-09-07T16:47:55.,TRADER
Mme,Anne,Robert,crobert,210zyxw9ut,2003-09-09T12:49:29.,ENGINEER
M.,Philippe,André,xandré,3210zyxavu,2015-07-23T15:45:30.,ENGINEER
M.,Jacques,Bertrand,lbertrand,43210zybwv,2016-09-11T11:53:14.,SALES
M.,Roger,André,zandré,543210zcxw,2005-05-02T10:30:33.,TRADER
Mme,Marcelle,Petit,vpetit,6543210dyx,2012-05-07T13:26:55.,SALES
M.,Vincent,Petit,zpetit,7654321ezy,2014-02-21T09:39:49.,ENGINEER
M.,Julien,Simon,ssimon,8765432f0z,2006-12-31T14:21:50.,SALES
M.,Patrick,Thomas,cthomas,9876543h10,2014-07-07T08:07:27.,SALES
M.,Thomas,Moreau,rmoreau,a987654i21,2018-08-21T12:14:23.,TRADER
M.,Stephane,Robert,jrobert,ba98765j32,2000-12-16T10:14:34.,TRADER
Mme,Patricia,Moreau,umoreau,cba9876k43,2002-10-04T14:20:09.,TRADER
Mme,Helene,Petit,mpetit,dcba987l54,2000-02-22T10:18:24.,ENGINEER
M.,Patrick,Mercier,mmercier,edcba98m65,2005-06-17T14:50:31.,SALES
M.,Louis,Vincent,cvincent,fedcba9n76,2003-02-06T14:00:18.,SALES
Mme,Laurence,Moreau,qmoreau,gfedcbao87,2002-07-04T12:45:44.,TRADER
Mme,Florence,Moreau,mmoreau,hgfedcbp98,2008-02-01T10:34:55.,SALES
Mme,Natalie,Fournier,dfournier,ihgfedcqa9,2020-11-20T16:20:16.,ENGINEER
M.,Thomas,Laurent,claurent,jihgfedrba,2010-11-30T14:49:11.,SALES
Mme,Martine,Bernard,ybernard,kjihgfescb,2020-02-22T08:22:56.,ENGINEER
M.,Sebastien,Bernard,nbernard,lkjihgftdc,2006-09-28T13:30:59.,SALES
Mme,Genevieve,Lefèvre,vlefèvre,mlkjihgued,2003-07-02T13:13:57.,TRADER
Mme,Francoise,Bertrand,abertrand,nmlkjihvfe,2006-06-16T15:55:53.,TRADER
M.,Daniel,Lefèvre,hlefèvre,onmlkjiwgf,2019-05-12T16:02:01.,TRADER
Mme,Margeuerite,David,zdavid,ponmlkjxhg,2016-04-18T16:05:47.,TRADER
M.,Jacques,Petit,cpetit,qponmlkyih,2017-04-03T12:34:57.,TRADER
M.,Nicolas,Thomas,fthomas,rqponmlzji,2013-04-11T14:16:27.,SALES
M.,Jacques,Martin,tmartin,srqponm_kj,2007-12-03T15:50:27.,TRADER
Mme,Denise,Moreau,smoreau,tsrqponalk,2012-04-22T15:21:46.,TRADER
Mme,Bernadette,Richard,crichard,utsrqpobml,2007-03-15T16:09:58.,TRADER
Mme,Elodie,Dubois,fdubois,vutsrqpcnm,2007-05-02T11:09:49.,ENGINEER
M.,Didier,André,aandré,wvutsrqdon,2010-07-26T12:43:42.,SALES
Mme,Patricia,Bernard,pbernard,xwvutsrepo,2009-01-23T10:27:12.,ENGINEER
Mme,Josette,Vincent,svincent,yxwvutsfqp,2011-07-18T14:05:08.,ENGINEER
M.,Paul,Vincent,yvincent,zyxwvutgrq,2013-10-01T16:04:27.,TRADER
Mme,Christelle,Robert,probert,_zyxwvuhsr,2009-05-02T14:33:55.,ENGINEER
Mme,Odette,Morel,dmorel,a_zyxwvits,2010-05-02T13:07:38.,ENGINEER
M.,Pascal,Thomas,sthomas,ba_zyxwjut,2001-03-23T08:35:50.,ENGINEER
M.,Gerard,Petit,lpetit,cba_zyxkvu,2019-12-17T11:18:59.,TRADER
Mme,Nicole,Roux,vroux,dcba_zylwv,2002-09-23T08:22:43.,ENGINEER
Mme,Bernadette,Thomas,bthomas,edcba_zmxw,2008-05-09T08:46:05.,TRADER
M.,Philippe,Lefèvre,ylefèvre,fedcba_nyx,2020-12-26T09:19:12.,TRADER
Mme,Andree,Petit,hpetit,gfedcbaozy,2009-01-27T13:25:21.,TRADER
Mme,Claire,Durand,sdurand,hgfedcbp_z,2018-09-21T16:30:28.,ENGINEER
Mme,Cecile,Bernard,qbernard,ihgfedcqa_,2000-11-13T12:52:32.,TRADER
Mme,Aurelie,Lefebvre,elefebvre,jihgfedrba,2018-11-23T08:31:06.,SALES
M.,Pascal,Bertrand,wbertrand,kjihgfescb,2001-12-06T12:52:24.,ENGINEER
Mme,Catherine,Robert,erobert,lkjihgftdc,2006-01-01T13:01:46.,TRADER
M.,Maurice,Laurent,xlaurent,mlkjihgued,2020-02-29T10:29:14.,TRADER
M.,Francois,Garcia,qgarcia,nmlkjihvfe,2019-09-18T14:52:46.,ENGINEER
Mme,Laetitia,Petit,cpetit,onmlkjiwgf,2014-09-16T13:17:00.,TRADER
M.,Stephane,Morel,umorel,ponmlkjxhg,2015-10-03T08:44:02.,SALES
M.,Bruno,Simon,tsimon,qponmlkyih,2013-05-31T13:42:28.,ENGINEER
M.,Bruno,Petit,upetit,rqponmlzji,2007-05-09T15:12:36.,ENGINEER
Mme,Caroline,Dubois,mdubois,srqponm0kj,2017-01-16T13:32:17.,SALES
Mme,Catherine,Lefebvre,flefebvre,tsrqpon1lk,2019-08-12T09:24:08.,ENGINEER
Mme,Jeanne,Lefebvre,llefebvre,utsrqpo2ml,2017-11-14T13:00:44.,ENGINEER
M.,Joseph,Richard,prichard,vutsrqp3nm,2014-05-26T10:04:52.,TRADER
M.,Alain,Morel,mmorel,wvutsrq4on,2013-08-25T11:57:33.,ENGINEER
M.,Christian,Martin,lmartin,xwvutsr5po,2001-03-30T15:27:15.,SALES
Mme,Jeanne,Durand,tdurand,yxwvuts6qp,2018-05-24T13:56:13.,TRADER
M.,Maurice,Girard,mgirard,zyxwvut7rq,2009-08-25T16:58:39.,TRADER
M.,Patrick,Roux,lroux,0zyxwvu8sr,2016-08-12T15:43:54.,TRADER